latitude,longitude,elevation,utc_offset_seconds,timezone,timezone_abbreviation
34.059753,-117.45001,310.0,-28800,America/Los_Angeles,PST

time,weather_code (wmo code),temperature_2m_max (째C),temperature_2m_min (째C),temperature_2m_mean (째C),apparent_temperature_mean (째C),daylight_duration (s),precipitation_sum (mm),rain_sum (mm),snowfall_sum (cm),precipitation_hours (h)
1230796800,2,19.7,3.1,10.7,8.8,35771.76,0.00,0.00,0.00,0.0
1230883200,51,15.1,5.1,9.9,8.3,35808.14,0.30,0.30,0.00,2.0
1230969600,51,12.2,5.9,8.6,6.9,35847.25,0.50,0.50,0.00,4.0
1231056000,2,11.9,-0.3,5.3,1.5,35889.04,0.00,0.00,0.00,0.0
1231142400,3,11.7,-1.9,4.8,1.3,35933.45,0.00,0.00,0.00,0.0
1231228800,3,15.9,0.4,7.6,5.5,35980.42,0.00,0.00,0.00,0.0
1231315200,1,20.1,2.1,10.6,8.9,36029.89,0.00,0.00,0.00,0.0
1231401600,2,21.0,3.9,11.9,10.7,36081.80,0.00,0.00,0.00,0.0
1231488000,2,18.5,5.0,10.4,7.2,36136.09,0.00,0.00,0.00,0.0
1231574400,0,18.6,1.9,8.8,5.2,36192.71,0.00,0.00,0.00,0.0
1231660800,2,23.3,4.1,11.7,8.6,36251.92,0.00,0.00,0.00,0.0
1231747200,0,24.2,5.4,12.8,9.6,36314.27,0.00,0.00,0.00,0.0
1231833600,0,24.1,6.7,13.2,10.3,36379.64,0.00,0.00,0.00,0.0
1231920000,0,25.6,5.0,13.2,10.1,36447.88,0.00,0.00,0.00,0.0
1232006400,0,24.8,5.3,13.1,9.9,36518.88,0.00,0.00,0.00,0.0
1232092800,0,23.2,5.4,12.8,9.3,36592.49,0.00,0.00,0.00,0.0
1232179200,0,24.4,5.4,13.6,10.3,36668.60,0.00,0.00,0.00,0.0
1232265600,3,23.7,5.1,12.9,9.3,36747.07,0.00,0.00,0.00,0.0
1232352000,3,24.9,7.5,14.7,11.4,36827.77,0.00,0.00,0.00,0.0
1232438400,3,25.8,9.5,16.7,13.5,36910.59,0.00,0.00,0.00,0.0
1232524800,3,23.9,10.8,17.0,15.0,36995.39,0.00,0.00,0.00,0.0
1232611200,53,18.6,12.3,15.5,14.8,37082.05,4.90,4.90,0.00,15.0
1232697600,53,16.6,11.7,14.5,14.5,37170.46,4.90,4.90,0.00,20.0
1232784000,51,14.6,9.6,11.7,11.0,37260.48,0.70,0.70,0.00,4.0
1232870400,51,11.8,7.3,9.7,8.2,37352.01,1.50,1.50,0.00,10.0
1232956800,61,11.0,4.2,7.0,5.2,37444.93,6.00,6.00,0.00,14.0
1233043200,3,13.5,-0.6,5.7,2.3,37539.12,0.00,0.00,0.00,0.0
1233129600,0,19.3,0.9,8.9,5.9,37634.48,0.00,0.00,0.00,0.0
1233216000,0,20.9,3.5,10.6,7.4,37730.89,0.00,0.00,0.00,0.0
1233302400,0,22.4,4.4,11.8,8.9,37828.24,0.00,0.00,0.00,0.0
1233388800,0,22.3,3.6,13.1,10.4,37926.94,0.00,0.00,0.00,0.0
1233475200,0,23.0,2.9,12.1,9.5,38027.80,0.00,0.00,0.00,0.0
1233561600,0,23.4,3.7,12.3,9.4,38130.71,0.00,0.00,0.00,0.0
1233648000,1,25.0,4.4,14.1,11.0,38235.52,0.00,0.00,0.00,0.0
1233734400,3,24.7,4.3,14.9,11.5,38342.11,0.00,0.00,0.00,0.0
1233820800,63,16.9,9.9,13.1,10.6,38450.35,17.10,17.10,0.00,10.0
1233907200,63,13.1,8.6,10.5,9.2,38560.09,32.10,32.10,0.00,24.0
1233993600,63,12.0,6.7,8.8,7.3,38671.21,27.10,27.10,0.00,18.0
1234080000,53,9.8,5.5,7.4,5.6,38783.59,5.50,5.50,0.00,17.0
1234166400,63,7.5,2.9,5.9,3.7,38897.10,22.80,22.80,0.00,19.0
1234252800,2,11.4,0.0,5.5,2.8,39011.62,0.00,0.00,0.00,0.0
1234339200,3,11.8,2.3,6.8,4.5,39127.04,0.00,0.00,0.00,0.0
1234425600,51,12.3,5.3,8.0,6.1,39243.23,0.70,0.70,0.00,6.0
1234512000,71,9.5,4.3,6.1,4.0,39360.07,9.40,9.30,0.07,11.0
1234598400,3,10.8,3.0,6.5,4.5,39477.46,0.00,0.00,0.00,0.0
1234684800,3,14.3,1.7,7.9,5.7,39595.29,0.00,0.00,0.00,0.0
1234771200,63,9.1,5.1,6.8,4.7,39713.45,32.80,32.80,0.00,19.0
1234857600,55,10.6,4.7,7.1,5.4,39831.81,8.40,8.40,0.00,21.0
1234944000,2,15.5,1.3,8.2,6.0,39950.28,0.00,0.00,0.00,0.0
1235030400,0,18.7,1.8,9.3,6.7,40068.76,0.00,0.00,0.00,0.0
1235116800,3,20.4,1.8,10.8,8.7,40187.66,0.00,0.00,0.00,0.0
1235203200,3,20.2,4.4,12.8,11.2,40307.83,0.00,0.00,0.00,0.0
1235289600,3,21.6,11.7,17.3,16.5,40429.17,0.00,0.00,0.00,0.0
1235376000,3,20.3,12.4,16.3,15.7,40551.59,0.00,0.00,0.00,0.0
1235462400,3,18.9,6.6,12.8,12.0,40674.96,0.00,0.00,0.00,0.0
1235548800,3,14.0,7.2,10.2,8.9,40799.20,0.00,0.00,0.00,0.0
1235635200,3,16.0,6.5,10.7,9.7,40924.19,0.00,0.00,0.00,0.0
1235721600,3,18.6,8.0,12.6,11.6,41049.84,0.00,0.00,0.00,0.0
1235808000,3,24.1,6.3,14.4,12.7,41176.05,0.00,0.00,0.00,0.0
1235894400,3,26.6,6.6,16.9,15.6,41302.72,0.00,0.00,0.00,0.0
1235980800,3,24.1,12.4,17.4,16.5,41429.75,0.00,0.00,0.00,0.0
1236067200,3,17.7,9.0,13.2,12.2,41557.04,0.00,0.00,0.00,0.0
1236153600,55,12.0,6.0,9.0,7.6,41684.50,6.40,6.40,0.00,13.0
1236240000,3,14.1,5.7,9.7,8.1,41812.04,0.00,0.00,0.00,0.0
1236326400,51,13.0,5.1,8.7,6.7,41939.55,0.10,0.10,0.00,1.0
1236412800,51,17.1,6.9,10.8,9.3,42066.96,0.50,0.50,0.00,4.0
1236499200,51,16.7,3.6,10.3,8.7,42194.17,0.30,0.30,0.00,2.0
1236585600,51,11.7,6.9,8.9,7.1,42321.08,0.50,0.50,0.00,5.0
1236672000,3,17.6,5.2,10.8,9.4,42447.61,0.00,0.00,0.00,0.0
1236758400,3,15.6,4.4,10.2,8.7,42573.65,0.00,0.00,0.00,0.0
1236844800,3,17.6,6.6,10.9,9.4,42699.61,0.00,0.00,0.00,0.0
1236931200,51,21.0,3.4,12.8,11.4,42826.25,0.20,0.20,0.00,1.0
1237017600,51,17.8,5.9,11.8,10.7,42953.52,0.10,0.10,0.00,1.0
1237104000,51,14.3,7.5,10.2,8.8,43081.33,0.30,0.30,0.00,3.0
1237190400,2,21.4,4.7,13.4,12.8,43209.60,0.00,0.00,0.00,0.0
1237276800,2,25.9,6.6,17.3,17.0,43338.24,0.00,0.00,0.00,0.0
1237363200,3,27.3,7.5,18.6,17.8,43467.18,0.00,0.00,0.00,0.0
1237449600,3,25.8,10.8,18.6,17.9,43596.32,0.00,0.00,0.00,0.0
1237536000,3,22.6,8.5,15.5,15.1,43725.59,0.00,0.00,0.00,0.0
1237622400,3,17.6,8.5,12.3,11.3,43854.90,0.00,0.00,0.00,0.0
1237708800,61,13.1,6.0,9.8,7.4,43984.17,6.10,6.10,0.00,10.0
1237795200,0,17.9,1.4,10.0,6.9,44113.32,0.00,0.00,0.00,0.0
1237881600,0,22.3,2.4,12.7,9.8,44242.25,0.00,0.00,0.00,0.0
1237968000,3,23.5,3.7,14.1,11.7,44370.90,0.00,0.00,0.00,0.0
1238054400,3,21.9,8.8,15.0,13.9,44499.17,0.00,0.00,0.00,0.0
1238140800,0,23.5,6.3,15.3,12.1,44626.98,0.00,0.00,0.00,0.0
1238227200,3,26.7,5.6,16.4,13.7,44754.24,0.00,0.00,0.00,0.0
1238313600,3,19.3,9.9,13.9,12.3,44880.87,0.00,0.00,0.00,0.0
1238400000,51,21.1,8.4,14.4,11.7,45006.77,0.10,0.10,0.00,1.0
1238486400,2,22.6,3.5,13.7,10.8,45131.87,0.00,0.00,0.00,0.0
1238572800,3,23.2,8.2,14.6,13.4,45256.51,0.00,0.00,0.00,0.0
1238659200,51,19.9,10.0,13.9,13.1,45381.43,0.20,0.20,0.00,1.0
1238745600,51,16.4,9.1,11.8,9.9,45506.57,1.70,1.70,0.00,11.0
1238832000,2,20.9,7.3,14.1,11.9,45631.86,0.00,0.00,0.00,0.0
1238918400,0,24.7,3.5,15.3,12.1,45757.20,0.00,0.00,0.00,0.0
1239004800,0,28.4,6.8,18.2,15.1,45882.53,0.00,0.00,0.00,0.0
1239091200,55,22.2,11.4,16.3,14.0,46007.76,3.50,3.50,0.00,4.0
1239177600,53,16.4,8.0,11.6,9.5,46132.80,2.10,2.10,0.00,5.0
1239264000,3,18.0,7.7,12.0,10.6,46257.59,0.00,0.00,0.00,0.0
1239350400,63,14.6,9.0,10.9,9.5,46382.02,10.00,10.00,0.00,11.0
1239436800,51,15.5,8.6,11.4,9.8,46506.02,1.00,1.00,0.00,8.0
1239523200,3,23.6,6.9,15.5,14.8,46629.50,0.00,0.00,0.00,0.0
1239609600,3,24.2,7.8,16.9,16.1,46752.38,0.00,0.00,0.00,0.0
1239696000,51,18.1,7.8,13.9,12.5,46874.55,0.40,0.40,0.00,3.0
1239782400,51,15.6,6.1,10.1,7.0,46995.94,0.70,0.70,0.00,4.0
1239868800,2,20.3,6.5,12.7,11.0,47116.45,0.00,0.00,0.00,0.0
1239955200,0,25.3,5.3,16.0,14.1,47235.98,0.00,0.00,0.00,0.0
1240041600,0,30.3,7.1,19.9,18.1,47354.43,0.00,0.00,0.00,0.0
1240128000,1,33.3,10.3,22.9,20.5,47471.73,0.00,0.00,0.00,0.0
1240214400,3,36.0,11.6,25.6,23.2,47587.75,0.00,0.00,0.00,0.0
1240300800,3,35.7,13.2,25.5,23.0,47702.84,0.00,0.00,0.00,0.0
1240387200,2,28.5,13.8,21.2,20.2,47817.70,0.00,0.00,0.00,0.0
1240473600,3,21.7,10.7,15.3,14.4,47932.25,0.00,0.00,0.00,0.0
1240560000,3,19.6,9.6,13.8,12.6,48046.43,0.00,0.00,0.00,0.0
1240646400,51,20.2,9.0,13.6,11.8,48160.14,0.20,0.20,0.00,2.0
1240732800,0,20.8,8.3,13.9,12.6,48273.29,0.00,0.00,0.00,0.0
1240819200,3,19.8,8.6,13.2,11.9,48385.79,0.00,0.00,0.00,0.0
1240905600,3,16.9,8.3,11.7,9.9,48497.54,0.00,0.00,0.00,0.0
1240992000,2,19.2,7.1,12.8,11.5,48608.46,0.00,0.00,0.00,0.0
1241078400,3,24.8,8.6,16.4,15.7,48718.44,0.00,0.00,0.00,0.0
1241164800,3,25.6,12.5,18.7,17.9,48827.39,0.00,0.00,0.00,0.0
1241251200,51,18.9,11.5,15.1,14.6,48935.21,0.30,0.30,0.00,2.0
1241337600,3,24.5,11.3,18.2,18.3,49041.80,0.00,0.00,0.00,0.0
1241424000,3,26.1,12.8,19.1,19.4,49147.05,0.00,0.00,0.00,0.0
1241510400,3,27.4,14.3,20.1,20.4,49250.86,0.00,0.00,0.00,0.0
1241596800,1,32.5,12.3,23.3,23.4,49353.12,0.00,0.00,0.00,0.0
1241683200,0,33.9,14.5,25.0,24.4,49453.72,0.00,0.00,0.00,0.0
1241769600,0,32.4,13.8,23.8,23.7,49552.55,0.00,0.00,0.00,0.0
1241856000,0,28.7,16.3,21.7,22.2,49649.50,0.00,0.00,0.00,0.0
1241942400,0,27.7,13.6,20.4,20.6,49744.46,0.00,0.00,0.00,0.0
1242028800,0,26.8,14.1,19.8,19.8,49837.69,0.00,0.00,0.00,0.0
1242115200,1,25.3,11.8,18.3,18.5,49929.84,0.00,0.00,0.00,0.0
1242201600,1,27.8,12.4,20.0,20.3,50020.84,0.00,0.00,0.00,0.0
1242288000,1,29.6,12.5,22.1,21.9,50110.60,0.00,0.00,0.00,0.0
1242374400,0,31.8,14.9,23.5,24.0,50199.04,0.00,0.00,0.00,0.0
1242460800,1,35.3,14.6,25.0,25.9,50286.06,0.00,0.00,0.00,0.0
1242547200,3,34.1,18.3,26.1,26.8,50371.58,0.00,0.00,0.00,0.0
1242633600,3,31.6,18.6,24.6,25.5,50455.51,0.00,0.00,0.00,0.0
1242720000,3,31.7,18.0,24.2,24.7,50537.75,0.00,0.00,0.00,0.0
1242806400,1,30.3,18.2,23.9,23.9,50618.21,0.00,0.00,0.00,0.0
1242892800,0,28.1,16.9,21.9,22.0,50696.80,0.00,0.00,0.00,0.0
1242979200,2,25.9,14.2,19.3,19.2,50773.42,0.00,0.00,0.00,0.0
1243065600,0,25.7,12.7,18.5,18.1,50847.97,0.00,0.00,0.00,0.0
1243152000,0,24.7,11.3,17.4,16.8,50920.37,0.00,0.00,0.00,0.0
1243238400,1,23.9,11.1,16.9,16.5,50990.50,0.00,0.00,0.00,0.0
1243324800,2,26.5,11.4,18.4,18.2,51058.27,0.00,0.00,0.00,0.0
1243411200,2,28.5,13.9,20.8,20.6,51123.58,0.00,0.00,0.00,0.0
1243497600,2,29.6,14.8,21.4,21.1,51186.32,0.00,0.00,0.00,0.0
1243584000,3,26.2,13.7,18.9,18.6,51246.41,0.00,0.00,0.00,0.0
1243670400,3,25.6,13.1,18.8,18.9,51303.74,0.00,0.00,0.00,0.0
1243756800,51,25.2,13.1,18.7,18.9,51358.46,0.20,0.20,0.00,1.0
1243843200,3,25.3,12.9,18.5,18.9,51410.98,0.00,0.00,0.00,0.0
1243929600,3,27.5,13.6,20.2,20.2,51461.27,0.00,0.00,0.00,0.0
1244016000,51,25.6,15.1,20.5,19.9,51509.28,0.50,0.50,0.00,4.0
1244102400,51,23.0,13.1,17.2,16.7,51554.95,0.10,0.10,0.00,1.0
1244188800,51,18.6,12.3,15.4,14.4,51598.25,1.50,1.50,0.00,10.0
1244275200,3,19.5,11.6,15.3,14.5,51639.13,0.00,0.00,0.00,0.0
1244361600,3,22.7,11.8,16.5,16.2,51677.53,0.00,0.00,0.00,0.0
1244448000,51,21.3,12.9,16.0,15.7,51713.43,0.10,0.10,0.00,1.0
1244534400,51,20.5,13.1,16.0,15.6,51746.77,0.40,0.40,0.00,3.0
1244620800,51,19.2,12.4,15.2,14.8,51777.50,0.10,0.10,0.00,1.0
1244707200,3,20.2,12.3,15.8,15.5,51805.59,0.00,0.00,0.00,0.0
1244793600,51,20.7,12.4,16.1,15.8,51830.99,0.20,0.20,0.00,1.0
1244880000,51,20.7,13.4,16.3,16.1,51853.66,2.00,2.00,0.00,12.0
1244966400,3,21.7,12.5,16.7,16.5,51873.57,0.00,0.00,0.00,0.0
1245052800,3,22.3,12.5,16.4,16.2,51890.66,0.00,0.00,0.00,0.0
1245139200,3,23.8,13.4,18.1,18.2,51904.89,0.00,0.00,0.00,0.0
1245225600,3,25.3,14.0,19.7,20.4,51916.25,0.00,0.00,0.00,0.0
1245312000,0,29.8,12.8,22.2,23.1,51924.68,0.00,0.00,0.00,0.0
1245398400,1,31.2,16.2,23.7,24.8,51930.14,0.00,0.00,0.00,0.0
1245484800,3,24.8,14.6,19.2,19.5,51932.63,0.00,0.00,0.00,0.0
1245571200,51,23.7,13.6,18.0,18.0,51932.16,0.30,0.30,0.00,3.0
1245657600,0,27.6,11.7,19.8,19.8,51928.75,0.00,0.00,0.00,0.0
1245744000,0,28.5,12.5,20.8,20.6,51922.44,0.00,0.00,0.00,0.0
1245830400,0,29.2,14.4,21.5,21.4,51913.27,0.00,0.00,0.00,0.0
1245916800,0,29.7,15.0,21.9,22.1,51901.25,0.00,0.00,0.00,0.0
1246003200,0,31.5,14.3,23.8,24.0,51886.44,0.00,0.00,0.00,0.0
1246089600,0,36.4,15.7,27.0,27.6,51868.86,0.00,0.00,0.00,0.0
1246176000,0,36.9,20.1,28.3,29.5,51848.56,0.00,0.00,0.00,0.0
1246262400,3,33.3,21.6,26.9,27.8,51825.57,0.00,0.00,0.00,0.0
1246348800,1,32.4,20.0,25.4,26.2,51799.93,0.00,0.00,0.00,0.0
1246435200,2,30.1,18.9,24.6,24.5,51771.68,0.00,0.00,0.00,0.0
1246521600,0,33.2,19.9,26.2,27.0,51740.85,0.00,0.00,0.00,0.0
1246608000,0,33.1,19.3,26.0,26.7,51707.50,0.00,0.00,0.00,0.0
1246694400,0,34.1,19.3,26.1,26.6,51671.66,0.00,0.00,0.00,0.0
1246780800,0,33.8,19.0,25.5,25.9,51633.38,0.00,0.00,0.00,0.0
1246867200,0,32.5,17.5,24.7,24.8,51592.69,0.00,0.00,0.00,0.0
1246953600,1,31.0,17.7,23.7,23.8,51549.64,0.00,0.00,0.00,0.0
1247040000,3,30.7,15.7,22.8,23.1,51504.28,0.00,0.00,0.00,0.0
1247126400,2,31.8,16.5,24.0,24.0,51456.65,0.00,0.00,0.00,0.0
1247212800,3,33.9,17.9,25.9,25.6,51406.55,0.00,0.00,0.00,0.0
1247299200,1,36.4,21.8,28.7,29.0,51353.62,0.00,0.00,0.00,0.0
1247385600,0,36.2,22.4,28.6,28.8,51297.93,0.00,0.00,0.00,0.0
1247472000,2,36.2,22.6,28.5,28.8,51239.60,0.00,0.00,0.00,0.0
1247558400,0,35.1,20.8,27.4,28.0,51178.71,0.00,0.00,0.00,0.0
1247644800,0,36.0,20.6,27.8,28.5,51115.36,0.00,0.00,0.00,0.0
1247731200,1,36.7,21.9,28.4,29.3,51049.66,0.00,0.00,0.00,0.0
1247817600,2,36.4,21.4,28.6,29.8,50981.69,0.00,0.00,0.00,0.0
1247904000,2,39.4,22.7,31.1,32.5,50911.56,0.00,0.00,0.00,0.0
1247990400,2,38.8,23.4,31.3,33.4,50839.36,0.00,0.00,0.00,0.0
1248076800,3,37.1,24.8,30.1,31.8,50765.17,0.00,0.00,0.00,0.0
1248163200,1,35.9,23.6,28.7,31.1,50689.11,0.00,0.00,0.00,0.0
1248249600,2,34.8,22.0,27.8,29.7,50611.25,0.00,0.00,0.00,0.0
1248336000,3,34.1,21.2,27.0,28.5,50531.70,0.00,0.00,0.00,0.0
1248422400,3,32.2,20.6,26.1,27.4,50450.53,0.00,0.00,0.00,0.0
1248508800,3,34.5,19.1,26.9,28.6,50367.84,0.00,0.00,0.00,0.0
1248595200,0,35.3,21.8,27.8,30.2,50283.72,0.00,0.00,0.00,0.0
1248681600,1,34.9,22.0,27.6,29.8,50198.26,0.00,0.00,0.00,0.0
1248768000,0,32.7,20.6,25.9,27.6,50111.54,0.00,0.00,0.00,0.0
1248854400,1,30.9,18.1,23.7,24.9,50023.64,0.00,0.00,0.00,0.0
1248940800,0,30.5,16.9,23.3,24.3,49934.27,0.00,0.00,0.00,0.0
1249027200,1,32.2,17.5,24.3,25.4,49842.82,0.00,0.00,0.00,0.0
1249113600,0,32.3,18.3,24.6,25.6,49749.39,0.00,0.00,0.00,0.0
1249200000,1,32.4,18.4,25.0,26.0,49654.11,0.00,0.00,0.00,0.0
1249286400,3,34.5,20.5,27.3,27.4,49557.06,0.00,0.00,0.00,0.0
1249372800,2,35.9,23.0,29.2,28.6,49458.38,0.00,0.00,0.00,0.0
1249459200,2,35.4,23.1,28.4,28.3,49358.15,0.00,0.00,0.00,0.0
1249545600,1,29.1,18.0,23.3,23.2,49256.49,0.00,0.00,0.00,0.0
1249632000,2,27.1,15.5,20.5,20.9,49153.50,0.00,0.00,0.00,0.0
1249718400,0,31.0,14.7,22.9,23.5,49049.27,0.00,0.00,0.00,0.0
1249804800,0,33.3,15.5,24.7,25.4,48943.91,0.00,0.00,0.00,0.0
1249891200,0,34.1,18.7,25.4,26.3,48837.53,0.00,0.00,0.00,0.0
1249977600,2,34.1,18.9,25.9,26.7,48730.20,0.00,0.00,0.00,0.0
1250064000,0,34.0,20.2,26.4,27.2,48622.03,0.00,0.00,0.00,0.0
1250150400,0,34.0,20.0,26.0,26.5,48513.11,0.00,0.00,0.00,0.0
1250236800,0,30.1,17.4,22.9,23.7,48403.52,0.00,0.00,0.00,0.0
1250323200,0,28.8,15.7,21.8,22.6,48293.36,0.00,0.00,0.00,0.0
1250409600,1,29.7,16.4,22.6,23.3,48182.72,0.00,0.00,0.00,0.0
1250496000,0,31.6,16.8,23.7,23.8,48071.68,0.00,0.00,0.00,0.0
1250582400,0,32.8,17.3,24.4,24.4,47960.33,0.00,0.00,0.00,0.0
1250668800,0,31.7,18.3,24.3,24.6,47848.33,0.00,0.00,0.00,0.0
1250755200,1,34.0,18.9,26.0,26.2,47735.01,0.00,0.00,0.00,0.0
1250841600,3,33.4,20.9,26.7,27.5,47620.46,0.00,0.00,0.00,0.0
1250928000,3,32.0,22.7,26.5,27.9,47504.77,0.00,0.00,0.00,0.0
1251014400,53,33.0,21.9,26.4,28.6,47388.04,0.50,0.50,0.00,1.0
1251100800,0,33.1,19.5,26.1,27.7,47270.34,0.00,0.00,0.00,0.0
1251187200,0,35.3,17.9,27.3,27.4,47151.80,0.00,0.00,0.00,0.0
1251273600,0,37.2,18.4,28.6,27.6,47032.48,0.00,0.00,0.00,0.0
1251360000,0,40.3,17.6,29.9,28.4,46912.48,0.00,0.00,0.00,0.0
1251446400,3,40.8,19.7,31.2,30.3,46791.88,0.00,0.00,0.00,0.0
1251532800,3,40.9,25.7,33.3,32.5,46670.77,0.00,0.00,0.00,0.0
1251619200,1,39.2,24.9,32.0,31.3,46549.23,0.00,0.00,0.00,0.0
1251705600,0,38.3,23.3,31.1,30.2,46427.34,0.00,0.00,0.00,0.0
1251792000,61,38.9,21.5,30.4,30.3,46305.19,1.40,1.40,0.00,1.0
1251878400,53,37.8,24.3,30.5,31.8,46182.85,0.70,0.70,0.00,1.0
1251964800,0,37.6,23.9,30.1,31.3,46060.41,0.00,0.00,0.00,0.0
1252051200,1,36.4,24.1,29.4,30.3,45937.93,0.00,0.00,0.00,0.0
1252137600,0,34.7,22.5,27.7,28.5,45815.50,0.00,0.00,0.00,0.0
1252224000,0,33.4,20.2,26.0,26.4,45693.21,0.00,0.00,0.00,0.0
1252310400,0,31.5,17.6,24.2,24.5,45571.10,0.00,0.00,0.00,0.0
1252396800,0,30.7,17.1,23.8,23.9,45448.86,0.00,0.00,0.00,0.0
1252483200,0,33.6,16.6,25.7,25.6,45325.78,0.00,0.00,0.00,0.0
1252569600,3,37.2,18.0,28.3,28.3,45201.94,0.00,0.00,0.00,0.0
1252656000,3,36.3,20.0,27.7,28.6,45077.41,0.00,0.00,0.00,0.0
1252742400,1,31.6,19.9,24.9,25.9,44952.29,0.00,0.00,0.00,0.0
1252828800,1,27.6,16.3,20.9,21.4,44826.65,0.00,0.00,0.00,0.0
1252915200,3,24.3,14.3,18.4,18.4,44700.58,0.00,0.00,0.00,0.0
1253001600,2,30.0,15.3,21.7,22.2,44574.15,0.00,0.00,0.00,0.0
1253088000,0,33.2,14.7,24.4,25.1,44447.44,0.00,0.00,0.00,0.0
1253174400,0,36.0,16.7,26.9,27.8,44320.53,0.00,0.00,0.00,0.0
1253260800,1,36.1,18.4,27.9,28.5,44193.51,0.00,0.00,0.00,0.0
1253347200,0,33.6,19.3,26.4,28.0,44066.43,0.00,0.00,0.00,0.0
1253433600,2,32.0,19.9,25.2,26.2,43939.40,0.00,0.00,0.00,0.0
1253520000,2,36.0,17.3,27.1,27.2,43812.47,0.00,0.00,0.00,0.0
1253606400,0,37.4,17.6,28.0,25.0,43685.73,0.00,0.00,0.00,0.0
1253692800,0,37.2,18.2,27.9,24.7,43559.26,0.00,0.00,0.00,0.0
1253779200,0,37.9,16.2,28.0,25.3,43433.13,0.00,0.00,0.00,0.0
1253865600,0,38.5,16.4,28.7,26.9,43307.41,0.00,0.00,0.00,0.0
1253952000,0,39.2,17.6,29.2,28.1,43182.20,0.00,0.00,0.00,0.0
1254038400,1,37.3,17.8,27.7,27.2,43057.56,0.00,0.00,0.00,0.0
1254124800,3,31.5,19.7,24.7,24.8,42933.13,0.00,0.00,0.00,0.0
1254211200,2,27.4,15.4,21.0,21.0,42808.19,0.00,0.00,0.00,0.0
1254297600,0,27.5,13.4,20.1,18.6,42682.79,0.00,0.00,0.00,0.0
1254384000,0,29.7,11.9,21.1,17.1,42557.03,0.00,0.00,0.00,0.0
1254470400,2,30.6,11.0,21.0,18.4,42430.99,0.00,0.00,0.00,0.0
1254556800,1,25.3,14.2,19.4,18.5,42304.75,0.00,0.00,0.00,0.0
1254643200,51,16.7,10.6,13.8,12.0,42178.40,0.80,0.80,0.00,6.0
1254729600,3,20.8,10.3,14.5,13.3,42052.03,0.00,0.00,0.00,0.0
1254816000,2,24.1,8.2,15.9,14.1,41925.71,0.00,0.00,0.00,0.0
1254902400,51,20.9,10.6,14.7,13.8,41799.54,0.20,0.20,0.00,1.0
1254988800,1,22.7,10.7,16.0,15.6,41673.61,0.00,0.00,0.00,0.0
1255075200,3,23.6,9.8,17.1,16.6,41547.99,0.00,0.00,0.00,0.0
1255161600,2,25.1,11.7,17.4,16.6,41422.78,0.00,0.00,0.00,0.0
1255248000,3,20.8,10.9,14.7,13.7,41298.07,0.00,0.00,0.00,0.0
1255334400,3,16.5,10.3,13.2,12.1,41173.95,0.00,0.00,0.00,0.0
1255420800,51,17.4,11.8,14.4,13.9,41050.51,4.30,4.30,0.00,20.0
1255507200,53,19.0,14.0,16.1,16.9,40927.84,4.50,4.50,0.00,11.0
1255593600,3,29.7,12.8,20.6,21.0,40806.04,0.00,0.00,0.00,0.0
1255680000,0,34.4,14.2,23.5,23.0,40685.21,0.00,0.00,0.00,0.0
1255766400,3,34.8,13.4,24.4,23.4,40565.43,0.00,0.00,0.00,0.0
1255852800,3,30.1,17.5,23.3,23.2,40446.32,0.00,0.00,0.00,0.0
1255939200,51,22.0,14.7,17.4,17.5,40327.08,0.10,0.10,0.00,1.0
1256025600,51,25.0,13.5,18.1,17.1,40207.78,0.20,0.20,0.00,2.0
1256112000,0,28.7,9.8,19.1,16.9,40088.53,0.00,0.00,0.00,0.0
1256198400,0,29.4,9.7,20.2,18.1,39969.42,0.00,0.00,0.00,0.0
1256284800,3,31.7,11.5,22.0,19.7,39850.56,0.00,0.00,0.00,0.0
1256371200,3,29.4,13.0,21.6,20.4,39732.05,0.00,0.00,0.00,0.0
1256457600,0,30.4,12.8,21.3,18.8,39614.00,0.00,0.00,0.00,0.0
1256544000,3,30.0,12.0,21.2,17.5,39496.52,0.00,0.00,0.00,0.0
1256630400,3,23.1,14.3,18.5,15.4,39379.71,0.00,0.00,0.00,0.0
1256716800,0,17.5,7.4,12.5,7.6,39263.69,0.00,0.00,0.00,0.0
1256803200,2,19.6,3.9,12.1,8.0,39148.57,0.00,0.00,0.00,0.0
1256889600,3,25.4,7.3,16.1,13.0,39034.45,0.00,0.00,0.00,0.0
1256976000,0,28.6,8.6,18.1,15.0,38921.47,0.00,0.00,0.00,0.0
1257062400,0,30.8,9.4,19.8,16.8,38809.73,0.00,0.00,0.00,0.0
1257148800,0,32.2,9.0,20.5,17.4,38699.37,0.00,0.00,0.00,0.0
1257235200,3,32.4,10.7,21.6,18.6,38590.50,0.00,0.00,0.00,0.0
1257321600,3,29.4,10.9,20.0,17.9,38483.24,0.00,0.00,0.00,0.0
1257408000,3,23.1,12.9,17.2,16.3,38377.73,0.00,0.00,0.00,0.0
1257494400,3,20.9,10.6,15.3,14.7,38274.09,0.00,0.00,0.00,0.0
1257580800,3,21.4,10.0,15.4,14.9,38171.94,0.00,0.00,0.00,0.0
1257667200,3,24.8,9.0,16.5,14.9,38070.43,0.00,0.00,0.00,0.0
1257753600,3,26.5,7.7,17.9,15.4,37969.66,0.00,0.00,0.00,0.0
1257840000,3,28.6,8.5,19.3,16.6,37869.73,0.00,0.00,0.00,0.0
1257926400,3,25.8,13.6,19.5,17.1,37770.77,0.00,0.00,0.00,0.0
1258012800,3,21.6,12.3,16.9,15.4,37672.88,0.00,0.00,0.00,0.0
1258099200,51,16.4,10.9,12.9,12.0,37576.18,2.10,2.10,0.00,12.0
1258185600,1,18.4,9.4,12.9,11.6,37480.80,0.00,0.00,0.00,0.0
1258272000,0,18.9,4.8,11.0,7.0,37386.86,0.00,0.00,0.00,0.0
1258358400,0,22.2,3.6,12.2,8.2,37294.47,0.00,0.00,0.00,0.0
1258444800,0,24.9,5.6,15.1,11.7,37203.78,0.00,0.00,0.00,0.0
1258531200,0,20.2,9.1,14.6,12.2,37114.90,0.00,0.00,0.00,0.0
1258617600,0,24.3,5.1,13.8,10.8,37027.96,0.00,0.00,0.00,0.0
1258704000,3,21.9,5.7,13.5,10.9,36943.10,0.00,0.00,0.00,0.0
1258790400,51,17.8,8.3,12.2,11.0,36860.44,0.70,0.70,0.00,5.0
1258876800,2,20.7,5.5,12.7,10.6,36780.12,0.00,0.00,0.00,0.0
1258963200,0,21.8,5.4,12.8,9.2,36702.29,0.00,0.00,0.00,0.0
1259049600,0,21.2,5.5,12.4,7.9,36627.07,0.00,0.00,0.00,0.0
1259136000,0,23.0,5.7,13.3,8.8,36554.60,0.00,0.00,0.00,0.0
1259222400,0,25.1,5.6,14.4,10.4,36485.03,0.00,0.00,0.00,0.0
1259308800,53,21.7,5.2,13.1,10.2,36418.06,0.50,0.50,0.00,1.0
1259395200,55,12.0,7.4,9.8,8.1,36353.05,6.50,6.50,0.00,14.0
1259481600,1,19.2,4.2,10.6,7.5,36290.05,0.00,0.00,0.00,0.0
1259568000,0,21.2,3.9,11.3,7.9,36229.14,0.00,0.00,0.00,0.0
1259654400,3,19.5,3.1,11.0,8.3,36170.40,0.00,0.00,0.00,0.0
1259740800,3,16.1,8.3,11.1,9.7,36113.92,0.00,0.00,0.00,0.0
1259827200,2,19.7,3.5,10.5,7.6,36059.77,0.00,0.00,0.00,0.0
1259913600,3,18.8,2.8,10.7,7.1,36008.04,0.00,0.00,0.00,0.0
1260000000,51,12.2,7.7,9.7,7.2,35958.82,0.50,0.50,0.00,5.0
1260086400,51,9.9,6.6,8.2,6.2,35912.17,0.90,0.90,0.00,6.0
1260172800,63,8.1,4.2,6.5,4.6,35868.18,32.20,32.20,0.00,19.0
1260259200,2,7.6,2.0,4.5,1.8,35826.95,0.00,0.00,0.00,0.0
1260345600,3,10.9,-0.0,5.6,3.0,35788.54,0.00,0.00,0.00,0.0
1260432000,51,13.3,0.4,6.9,4.3,35753.03,0.10,0.10,0.00,1.0
1260518400,55,11.4,7.6,9.5,8.2,35720.51,7.30,7.30,0.00,15.0
1260604800,63,12.8,9.2,11.0,10.3,35691.06,41.40,41.40,0.00,23.0
1260691200,61,12.4,8.2,10.1,8.8,35664.75,7.20,7.20,0.00,10.0
1260777600,3,15.0,4.8,9.8,8.3,35641.68,0.00,0.00,0.00,0.0
1260864000,3,17.5,2.8,9.2,7.0,35621.89,0.00,0.00,0.00,0.0
1260950400,3,18.8,3.6,10.1,7.9,35605.49,0.00,0.00,0.00,0.0
1261036800,3,19.8,4.2,10.5,8.0,35592.43,0.00,0.00,0.00,0.0
1261123200,3,21.3,5.0,11.7,9.4,35582.50,0.00,0.00,0.00,0.0
1261209600,3,20.3,5.8,11.5,9.1,35575.71,0.00,0.00,0.00,0.0
1261296000,3,18.6,5.8,12.2,10.3,35572.04,0.00,0.00,0.00,0.0
1261382400,3,16.3,9.2,13.2,11.5,35571.45,0.00,0.00,0.00,0.0
1261468800,61,12.3,4.9,8.3,5.6,35573.94,8.20,8.20,0.00,7.0
1261555200,0,15.1,0.6,6.7,3.7,35579.47,0.00,0.00,0.00,0.0
1261641600,3,16.7,0.8,7.2,4.2,35588.04,0.00,0.00,0.00,0.0
1261728000,2,16.7,0.7,7.7,4.7,35599.60,0.00,0.00,0.00,0.0
1261814400,3,13.6,2.2,8.1,5.5,35614.14,0.00,0.00,0.00,0.0
1261900800,3,15.1,0.5,7.9,5.5,35631.64,0.00,0.00,0.00,0.0
1261987200,3,15.0,3.4,7.8,4.7,35652.06,0.00,0.00,0.00,0.0
1262073600,3,14.1,3.4,8.7,6.5,35675.38,0.00,0.00,0.00,0.0
1262160000,51,10.2,6.3,8.3,6.9,35701.55,0.60,0.60,0.00,3.0
1262246400,3,17.0,2.4,8.8,6.2,35730.57,0.00,0.00,0.00,0.0
1262332800,3,18.9,2.4,9.4,6.5,35762.39,0.00,0.00,0.00,0.0
1262419200,2,22.2,4.2,11.1,8.4,35796.98,0.00,0.00,0.00,0.0
1262505600,3,21.6,3.3,10.5,7.4,35834.30,0.00,0.00,0.00,0.0
1262592000,3,20.3,3.4,10.1,7.1,35874.32,0.00,0.00,0.00,0.0
1262678400,3,21.4,3.0,11.2,8.2,35917.02,0.00,0.00,0.00,0.0
1262764800,3,22.1,5.7,13.2,10.6,35962.61,0.00,0.00,0.00,0.0
1262851200,3,22.4,3.6,12.4,9.9,36011.49,0.00,0.00,0.00,0.0
1262937600,3,21.0,6.3,12.0,9.6,36063.56,0.00,0.00,0.00,0.0
1263024000,3,20.6,4.7,11.8,9.1,36118.70,0.00,0.00,0.00,0.0
1263110400,3,23.0,5.2,13.5,10.9,36176.78,0.00,0.00,0.00,0.0
1263196800,3,23.0,5.6,13.8,11.1,36237.71,0.00,0.00,0.00,0.0
1263283200,3,21.1,8.7,14.8,12.3,36301.34,0.00,0.00,0.00,0.0
1263369600,61,14.0,9.3,11.5,10.1,36367.59,2.50,2.50,0.00,4.0
1263456000,2,19.1,4.3,10.5,7.7,36436.32,0.00,0.00,0.00,0.0
1263542400,3,19.8,3.5,11.4,8.4,36507.41,0.00,0.00,0.00,0.0
1263628800,3,18.2,8.1,12.9,10.4,36580.76,0.00,0.00,0.00,0.0
1263715200,53,15.0,7.7,10.6,8.7,36656.25,1.80,1.80,0.00,6.0
1263801600,65,12.0,7.5,9.9,8.5,36733.77,36.60,36.60,0.00,20.0
1263888000,65,12.2,5.9,8.2,6.6,36813.22,18.20,18.20,0.00,11.0
1263974400,63,9.7,6.1,7.5,5.5,36894.46,32.40,32.40,0.00,19.0
1264060800,63,9.7,6.4,7.6,5.3,36977.42,42.30,42.30,0.00,21.0
1264147200,63,7.9,4.1,6.1,4.1,37061.96,18.80,18.80,0.00,20.0
1264233600,2,11.5,4.0,7.2,5.1,37148.00,0.00,0.00,0.00,0.0
1264320000,1,14.4,1.3,7.9,5.7,37235.41,0.00,0.00,0.00,0.0
1264406400,3,16.2,1.3,9.0,7.2,37324.11,0.00,0.00,0.00,0.0
1264492800,53,14.8,6.8,10.8,9.2,37414.47,0.50,0.50,0.00,1.0
1264579200,51,14.7,6.9,10.3,8.7,37507.28,0.10,0.10,0.00,1.0
1264665600,3,16.8,3.0,9.5,7.4,37602.40,0.00,0.00,0.00,0.0
1264752000,3,15.9,3.6,10.0,8.3,37699.70,0.00,0.00,0.00,0.0
1264838400,3,15.5,7.1,10.8,9.6,37799.02,0.00,0.00,0.00,0.0
1264924800,3,16.9,4.0,10.4,8.8,37900.25,0.00,0.00,0.00,0.0
1265011200,3,16.8,4.3,10.9,9.2,38003.23,0.00,0.00,0.00,0.0
1265097600,3,16.2,5.1,11.0,9.3,38107.85,0.00,0.00,0.00,0.0
1265184000,3,17.6,3.7,10.8,9.0,38213.95,0.00,0.00,0.00,0.0
1265270400,3,14.2,7.7,10.3,9.0,38321.43,0.00,0.00,0.00,0.0
1265356800,55,11.6,8.3,9.7,8.4,38430.15,7.80,7.80,0.00,15.0
1265443200,63,12.3,7.3,9.6,8.2,38539.98,52.70,52.70,0.00,24.0
1265529600,51,11.7,6.5,8.8,7.1,38650.81,1.20,1.20,0.00,7.0
1265616000,2,14.1,5.0,9.8,8.4,38762.51,0.00,0.00,0.00,0.0
1265702400,61,11.7,5.4,8.1,6.5,38874.97,16.20,16.20,0.00,16.0
1265788800,51,14.9,3.6,8.4,6.5,38988.07,0.20,0.20,0.00,1.0
1265875200,3,15.1,4.2,9.4,7.8,39101.68,0.00,0.00,0.00,0.0
1265961600,3,17.9,5.0,11.2,10.0,39215.71,0.00,0.00,0.00,0.0
1266048000,2,21.6,3.9,11.9,10.3,39330.06,0.00,0.00,0.00,0.0
1266134400,2,23.4,5.4,13.4,11.8,39444.59,0.00,0.00,0.00,0.0
1266220800,1,23.0,5.1,13.9,12.4,39559.73,0.00,0.00,0.00,0.0
1266307200,1,23.6,5.8,14.4,12.9,39676.34,0.00,0.00,0.00,0.0
1266393600,3,22.9,6.6,14.9,13.5,39794.32,0.00,0.00,0.00,0.0
1266480000,3,19.7,9.7,14.2,13.5,39913.56,0.00,0.00,0.00,0.0
1266566400,53,12.8,8.4,10.5,9.2,40033.93,2.10,2.10,0.00,8.0
1266652800,53,13.3,7.5,9.8,8.4,40155.34,4.00,4.00,0.00,10.0
1266739200,51,12.4,7.7,9.8,8.3,40277.67,2.30,2.30,0.00,13.0
1266825600,53,14.1,3.3,9.7,7.1,40400.81,2.20,2.20,0.00,9.0
1266912000,3,17.3,0.5,9.5,6.9,40524.65,0.00,0.00,0.00,0.0
1266998400,51,15.0,8.4,11.5,9.8,40649.11,0.40,0.40,0.00,3.0
1267084800,3,19.5,5.7,13.0,12.0,40774.06,0.00,0.00,0.00,0.0
1267171200,3,20.5,7.6,13.5,11.7,40899.40,0.00,0.00,0.00,0.0
1267257600,63,12.2,6.6,9.6,8.1,41025.04,34.00,34.00,0.00,16.0
1267344000,3,18.4,4.4,11.2,9.9,41150.89,0.00,0.00,0.00,0.0
1267430400,3,19.7,6.2,13.5,12.5,41276.83,0.00,0.00,0.00,0.0
1267516800,51,15.4,9.5,12.1,11.4,41402.77,0.20,0.20,0.00,2.0
1267603200,51,14.5,8.0,10.6,9.2,41528.62,0.30,0.30,0.00,3.0
1267689600,55,13.6,6.3,9.2,7.2,41654.30,2.70,2.70,0.00,6.0
1267776000,3,17.5,4.6,11.1,9.8,41779.68,0.00,0.00,0.00,0.0
1267862400,61,13.5,7.2,10.0,8.6,41904.68,6.90,6.90,0.00,11.0
1267948800,61,13.1,5.6,9.1,7.4,42029.70,4.20,4.20,0.00,6.0
1268035200,53,13.5,8.1,10.2,8.7,42155.54,4.40,4.40,0.00,23.0
1268121600,53,13.2,4.8,8.6,6.1,42282.13,2.90,2.90,0.00,10.0
1268208000,2,14.3,4.5,9.1,6.8,42409.38,0.00,0.00,0.00,0.0
1268294400,0,18.1,1.7,10.4,8.2,42537.20,0.00,0.00,0.00,0.0
1268380800,1,18.3,2.3,10.8,9.2,42665.50,0.00,0.00,0.00,0.0
1268467200,3,14.7,7.1,10.8,9.5,42794.20,0.00,0.00,0.00,0.0
1268553600,2,19.8,2.9,11.3,8.6,42923.21,0.00,0.00,0.00,0.0
1268640000,3,24.0,3.5,13.7,11.4,43052.45,0.00,0.00,0.00,0.0
1268726400,3,26.3,6.1,16.7,15.0,43181.82,0.00,0.00,0.00,0.0
1268812800,2,26.5,7.4,17.6,16.0,43311.25,0.00,0.00,0.00,0.0
1268899200,1,24.0,8.0,16.6,15.8,43440.65,0.00,0.00,0.00,0.0
1268985600,2,25.3,8.1,17.1,15.2,43569.93,0.00,0.00,0.00,0.0
1269072000,3,26.2,6.5,17.6,15.9,43699.01,0.00,0.00,0.00,0.0
1269158400,3,24.4,7.4,17.1,15.5,43827.81,0.00,0.00,0.00,0.0
1269244800,3,21.6,11.5,15.8,14.6,43956.23,0.00,0.00,0.00,0.0
1269331200,3,23.3,9.3,16.2,14.4,44084.19,0.00,0.00,0.00,0.0
1269417600,3,23.6,5.1,15.3,13.2,44211.61,0.00,0.00,0.00,0.0
1269504000,3,17.4,9.0,12.5,11.3,44338.40,0.00,0.00,0.00,0.0
1269590400,1,21.4,8.9,14.6,13.4,44464.46,0.00,0.00,0.00,0.0
1269676800,0,24.1,6.6,15.4,12.2,44590.17,0.00,0.00,0.00,0.0
1269763200,2,26.2,5.3,16.8,13.9,44716.27,0.00,0.00,0.00,0.0
1269849600,3,26.1,8.2,17.2,14.8,44842.69,0.00,0.00,0.00,0.0
1269936000,3,18.1,9.2,13.2,11.9,44969.37,0.00,0.00,0.00,0.0
1270022400,53,13.7,6.6,10.1,7.7,45096.21,1.20,1.20,0.00,5.0
1270108800,3,16.3,6.3,10.3,8.0,45223.14,0.00,0.00,0.00,0.0
1270195200,3,18.0,4.6,11.2,9.4,45350.09,0.00,0.00,0.00,0.0
1270281600,3,18.4,4.0,11.2,9.8,45476.96,0.00,0.00,0.00,0.0
1270368000,3,15.7,6.9,10.9,9.1,45603.68,0.00,0.00,0.00,0.0
1270454400,61,14.0,8.8,10.3,8.5,45730.18,9.80,9.80,0.00,13.0
1270540800,2,20.9,3.9,12.8,10.5,45856.35,0.00,0.00,0.00,0.0
1270627200,0,24.4,5.8,15.1,12.3,45982.11,0.00,0.00,0.00,0.0
1270713600,0,26.2,6.2,16.9,14.6,46107.39,0.00,0.00,0.00,0.0
1270800000,2,24.1,11.1,17.2,15.8,46232.10,0.00,0.00,0.00,0.0
1270886400,3,18.9,8.9,13.2,11.9,46356.14,0.00,0.00,0.00,0.0
1270972800,53,15.1,7.4,11.2,9.3,46479.43,2.20,2.20,0.00,8.0
1271059200,63,13.8,7.5,10.5,8.9,46601.88,23.90,23.90,0.00,17.0
1271145600,2,17.8,6.4,11.5,10.2,46723.39,0.00,0.00,0.00,0.0
1271232000,3,19.4,5.8,12.9,12.1,46843.87,0.00,0.00,0.00,0.0
1271318400,3,23.3,6.8,15.1,14.7,46963.22,0.00,0.00,0.00,0.0
1271404800,1,20.7,9.8,14.5,14.3,47081.79,0.00,0.00,0.00,0.0
1271491200,3,25.7,6.7,17.1,16.7,47200.29,0.00,0.00,0.00,0.0
1271577600,51,25.4,9.6,17.3,16.8,47318.65,0.20,0.20,0.00,1.0
1271664000,3,22.2,11.6,16.3,15.7,47436.80,0.00,0.00,0.00,0.0
1271750400,55,18.9,7.5,13.2,12.1,47554.63,3.60,3.60,0.00,7.0
1271836800,53,13.3,5.4,8.7,6.2,47672.08,4.70,4.70,0.00,18.0
1271923200,53,12.7,5.1,9.2,7.2,47789.04,2.40,2.40,0.00,8.0
1272009600,2,19.4,5.4,11.8,10.4,47905.44,0.00,0.00,0.00,0.0
1272096000,2,22.9,6.9,15.1,14.6,48021.18,0.00,0.00,0.00,0.0
1272182400,2,26.5,7.4,17.9,17.6,48136.15,0.00,0.00,0.00,0.0
1272268800,2,28.7,10.6,19.9,19.6,48250.29,0.00,0.00,0.00,0.0
1272355200,3,23.5,11.3,16.8,16.4,48363.48,0.00,0.00,0.00,0.0
1272441600,53,16.6,8.7,12.4,10.6,48475.62,2.90,2.90,0.00,8.0
1272528000,3,17.5,7.9,12.4,10.2,48586.63,0.00,0.00,0.00,0.0
1272614400,1,21.2,5.3,13.6,11.0,48696.39,0.00,0.00,0.00,0.0
1272700800,2,23.8,6.5,15.2,13.1,48804.80,0.00,0.00,0.00,0.0
1272787200,3,25.8,8.8,16.8,15.8,48911.76,0.00,0.00,0.00,0.0
1272873600,2,27.5,8.8,19.3,17.9,49017.16,0.00,0.00,0.00,0.0
1272960000,0,28.7,12.2,20.8,20.0,49120.88,0.00,0.00,0.00,0.0
1273046400,2,25.2,12.6,18.7,18.4,49222.82,0.00,0.00,0.00,0.0
1273132800,2,25.5,11.5,18.2,18.2,49323.27,0.00,0.00,0.00,0.0
1273219200,3,29.3,10.7,20.8,19.7,49422.90,0.00,0.00,0.00,0.0
1273305600,2,26.3,14.0,19.8,19.3,49521.64,0.00,0.00,0.00,0.0
1273392000,3,18.8,10.2,13.8,12.4,49619.40,0.00,0.00,0.00,0.0
1273478400,3,17.2,8.8,12.7,10.9,49716.09,0.00,0.00,0.00,0.0
1273564800,2,20.0,8.4,13.8,12.1,49811.62,0.00,0.00,0.00,0.0
1273651200,3,25.7,6.7,17.0,15.3,49905.89,0.00,0.00,0.00,0.0
1273737600,3,25.1,12.1,19.1,17.8,49998.81,0.00,0.00,0.00,0.0
1273824000,3,27.2,10.8,19.5,18.7,50090.29,0.00,0.00,0.00,0.0
1273910400,2,30.2,12.9,21.5,20.9,50180.23,0.00,0.00,0.00,0.0
1273996800,3,28.9,14.0,20.5,20.1,50268.52,0.00,0.00,0.00,0.0
1274083200,3,19.5,11.1,14.7,13.5,50355.08,0.00,0.00,0.00,0.0
1274169600,3,18.8,10.0,13.8,12.7,50439.79,0.00,0.00,0.00,0.0
1274256000,2,27.4,10.5,18.8,18.8,50522.55,0.00,0.00,0.00,0.0
1274342400,2,27.6,13.5,20.7,21.0,50603.27,0.00,0.00,0.00,0.0
1274428800,3,23.4,12.5,17.8,17.6,50681.83,0.00,0.00,0.00,0.0
1274515200,51,19.7,10.6,14.2,12.9,50758.12,0.10,0.10,0.00,1.0
1274601600,61,15.2,8.7,11.4,9.4,50832.05,5.40,5.40,0.00,11.0
1274688000,3,19.7,8.4,13.5,12.3,50903.49,0.00,0.00,0.00,0.0
1274774400,3,21.1,8.9,14.9,14.1,50972.34,0.00,0.00,0.00,0.0
1274860800,3,20.7,10.4,15.2,14.5,51038.80,0.00,0.00,0.00,0.0
1274947200,51,18.5,11.3,14.9,14.2,51103.36,0.60,0.60,0.00,3.0
1275033600,51,21.7,10.7,15.9,15.2,51165.95,0.40,0.40,0.00,2.0
1275120000,0,30.7,8.3,20.6,18.4,51226.53,0.00,0.00,0.00,0.0
1275206400,0,33.1,10.3,22.6,21.1,51285.02,0.00,0.00,0.00,0.0
1275292800,1,28.6,14.7,21.1,20.9,51341.36,0.00,0.00,0.00,0.0
1275379200,51,22.5,12.1,17.3,16.8,51395.51,0.40,0.40,0.00,3.0
1275465600,3,27.4,12.3,19.6,19.9,51447.38,0.00,0.00,0.00,0.0
1275552000,3,26.7,14.1,20.9,21.3,51496.92,0.00,0.00,0.00,0.0
1275638400,2,29.6,15.0,22.7,23.7,51544.07,0.00,0.00,0.00,0.0
1275724800,0,32.5,17.8,24.4,25.7,51588.75,0.00,0.00,0.00,0.0
1275811200,0,31.3,17.1,23.7,24.9,51630.92,0.00,0.00,0.00,0.0
1275897600,0,28.9,16.2,22.1,22.9,51670.51,0.00,0.00,0.00,0.0
1275984000,3,26.9,15.3,20.7,21.4,51707.46,0.00,0.00,0.00,0.0
1276070400,3,25.0,13.6,18.8,19.0,51741.70,0.00,0.00,0.00,0.0
1276156800,51,22.9,12.7,17.3,17.3,51773.18,0.10,0.10,0.00,1.0
1276243200,51,21.8,12.1,16.2,15.9,51801.85,0.30,0.30,0.00,3.0
1276329600,51,23.0,13.7,18.0,18.3,51827.63,0.50,0.50,0.00,3.0
1276416000,2,29.1,12.8,21.4,21.8,51850.47,0.00,0.00,0.00,0.0
1276502400,0,33.6,14.1,25.2,25.3,51870.32,0.00,0.00,0.00,0.0
1276588800,0,31.3,17.8,24.3,24.6,51887.21,0.00,0.00,0.00,0.0
1276675200,0,26.2,14.4,19.8,19.8,51901.25,0.00,0.00,0.00,0.0
1276761600,0,28.4,12.5,20.7,20.7,51912.47,0.00,0.00,0.00,0.0
1276848000,0,26.9,14.3,20.1,19.8,51920.87,0.00,0.00,0.00,0.0
1276934400,0,27.1,13.2,19.7,19.3,51926.47,0.00,0.00,0.00,0.0
1277020800,0,27.5,13.4,20.2,19.9,51929.27,0.00,0.00,0.00,0.0
1277107200,2,25.3,13.2,18.8,18.6,51929.29,0.00,0.00,0.00,0.0
1277193600,0,28.8,12.6,20.9,20.8,51926.54,0.00,0.00,0.00,0.0
1277280000,0,30.2,15.7,22.7,22.4,51921.03,0.00,0.00,0.00,0.0
1277366400,0,31.2,16.2,23.3,23.1,51912.79,0.00,0.00,0.00,0.0
1277452800,0,29.5,16.1,22.3,22.2,51901.82,0.00,0.00,0.00,0.0
1277539200,1,27.1,14.3,20.2,20.8,51888.16,0.00,0.00,0.00,0.0
1277625600,2,31.7,14.8,23.1,23.7,51871.81,0.00,0.00,0.00,0.0
1277712000,0,29.9,16.5,22.7,23.2,51852.80,0.00,0.00,0.00,0.0
1277798400,1,28.8,15.4,21.8,22.2,51831.15,0.00,0.00,0.00,0.0
1277884800,0,31.5,15.3,23.4,24.1,51806.88,0.00,0.00,0.00,0.0
1277971200,0,33.1,17.8,25.2,25.8,51780.01,0.00,0.00,0.00,0.0
1278057600,0,30.7,16.5,23.1,23.5,51750.57,0.00,0.00,0.00,0.0
1278144000,2,26.9,14.4,20.2,20.4,51718.57,0.00,0.00,0.00,0.0
1278230400,3,27.1,13.4,19.8,20.3,51684.07,0.00,0.00,0.00,0.0
1278316800,0,26.7,14.9,20.6,21.1,51646.89,0.00,0.00,0.00,0.0
1278403200,1,26.3,13.8,19.8,19.9,51606.75,0.00,0.00,0.00,0.0
1278489600,0,27.9,13.6,20.6,20.5,51563.72,0.00,0.00,0.00,0.0
1278576000,2,28.3,14.8,21.6,21.7,51517.91,0.00,0.00,0.00,0.0
1278662400,2,31.2,16.9,24.0,24.4,51469.39,0.00,0.00,0.00,0.0
1278748800,2,30.4,19.4,24.4,25.1,51418.24,0.00,0.00,0.00,0.0
1278835200,2,29.9,18.1,23.2,23.9,51364.56,0.00,0.00,0.00,0.0
1278921600,3,30.5,17.5,23.6,24.4,51308.43,0.00,0.00,0.00,0.0
1279008000,0,34.6,19.5,26.6,27.6,51249.92,0.00,0.00,0.00,0.0
1279094400,0,37.7,19.3,29.7,31.0,51189.14,0.00,0.00,0.00,0.0
1279180800,3,39.5,23.7,32.1,34.2,51126.16,0.00,0.00,0.00,0.0
1279267200,0,37.8,24.8,30.9,33.6,51061.08,0.00,0.00,0.00,0.0
1279353600,0,37.9,24.5,30.2,32.2,50993.96,0.00,0.00,0.00,0.0
1279440000,2,34.4,22.0,28.1,30.3,50924.90,0.00,0.00,0.00,0.0
1279526400,1,33.1,20.3,25.9,27.7,50853.98,0.00,0.00,0.00,0.0
1279612800,3,31.1,19.2,24.6,25.8,50781.29,0.00,0.00,0.00,0.0
1279699200,0,30.2,17.6,23.4,24.2,50706.88,0.00,0.00,0.00,0.0
1279785600,0,30.5,17.5,23.6,24.1,50630.86,0.00,0.00,0.00,0.0
1279872000,0,32.6,19.7,25.6,26.1,50553.31,0.00,0.00,0.00,0.0
1279958400,0,32.6,20.7,25.9,26.8,50474.30,0.00,0.00,0.00,0.0
1280044800,2,29.6,19.2,24.1,24.8,50393.54,0.00,0.00,0.00,0.0
1280131200,2,28.4,17.9,22.2,22.5,50310.49,0.00,0.00,0.00,0.0
1280217600,0,28.9,16.2,21.9,21.6,50225.24,0.00,0.00,0.00,0.0
1280304000,2,29.0,16.7,22.4,22.3,50137.90,0.00,0.00,0.00,0.0
1280390400,2,30.0,18.1,23.7,23.8,50048.59,0.00,0.00,0.00,0.0
1280476800,3,30.7,17.9,23.7,23.9,49957.41,0.00,0.00,0.00,0.0
1280563200,3,28.7,17.3,22.7,22.9,49864.47,0.00,0.00,0.00,0.0
1280649600,3,29.9,17.5,23.9,23.8,49769.89,0.00,0.00,0.00,0.0
1280736000,3,34.1,19.6,26.8,26.9,49673.76,0.00,0.00,0.00,0.0
1280822400,2,34.1,21.9,27.1,27.7,49576.20,0.00,0.00,0.00,0.0
1280908800,0,33.2,20.0,25.9,26.1,49477.29,0.00,0.00,0.00,0.0
1280995200,0,30.8,17.8,23.7,23.8,49377.14,0.00,0.00,0.00,0.0
1281081600,0,31.1,16.7,23.2,22.7,49275.85,0.00,0.00,0.00,0.0
1281168000,0,29.0,15.8,21.8,21.3,49173.52,0.00,0.00,0.00,0.0
1281254400,1,27.6,14.7,20.7,20.4,49070.24,0.00,0.00,0.00,0.0
1281340800,0,30.5,14.1,22.6,21.8,48966.10,0.00,0.00,0.00,0.0
1281427200,0,30.7,15.5,23.1,22.4,48861.20,0.00,0.00,0.00,0.0
1281513600,0,30.2,14.1,22.1,21.6,48755.63,0.00,0.00,0.00,0.0
1281600000,0,30.8,14.3,22.5,22.3,48649.46,0.00,0.00,0.00,0.0
1281686400,0,32.4,16.0,24.1,24.0,48542.80,0.00,0.00,0.00,0.0
1281772800,0,32.8,16.1,24.4,24.4,48435.32,0.00,0.00,0.00,0.0
1281859200,0,35.0,15.8,26.3,26.2,48326.34,0.00,0.00,0.00,0.0
1281945600,0,36.5,21.9,29.0,29.7,48215.96,0.00,0.00,0.00,0.0
1282032000,0,35.8,22.3,28.9,31.1,48104.28,0.00,0.00,0.00,0.0
1282118400,1,35.3,24.2,29.2,31.3,47991.39,0.00,0.00,0.00,0.0
1282204800,0,34.8,23.5,28.3,30.2,47877.40,0.00,0.00,0.00,0.0
1282291200,0,35.1,20.9,27.7,28.7,47762.40,0.00,0.00,0.00,0.0
1282377600,0,35.5,22.3,28.4,28.9,47646.48,0.00,0.00,0.00,0.0
1282464000,2,35.4,23.3,28.7,29.4,47529.73,0.00,0.00,0.00,0.0
1282550400,0,39.0,18.3,30.0,30.2,47412.26,0.00,0.00,0.00,0.0
1282636800,0,42.0,21.1,32.2,32.1,47294.13,0.00,0.00,0.00,0.0
1282723200,3,40.3,23.3,32.8,33.4,47175.45,0.00,0.00,0.00,0.0
1282809600,3,39.6,26.0,32.1,33.0,47056.29,0.00,0.00,0.00,0.0
1282896000,1,34.4,20.3,27.5,29.9,46936.73,0.00,0.00,0.00,0.0
1282982400,0,26.4,15.2,20.5,20.6,46816.88,0.00,0.00,0.00,0.0
1283068800,2,23.2,12.9,17.4,17.0,46696.79,0.00,0.00,0.00,0.0
1283155200,3,25.4,13.2,18.6,18.5,46576.56,0.00,0.00,0.00,0.0
1283241600,0,31.0,13.1,22.7,22.9,46456.26,0.00,0.00,0.00,0.0
1283328000,0,36.2,15.8,26.6,26.7,46335.97,0.00,0.00,0.00,0.0
1283414400,0,38.2,17.2,28.6,28.6,46215.77,0.00,0.00,0.00,0.0
1283500800,0,39.0,18.4,29.5,29.3,46095.33,0.00,0.00,0.00,0.0
1283587200,0,39.0,19.8,30.5,29.3,45973.94,0.00,0.00,0.00,0.0
1283673600,0,35.2,20.9,28.0,27.9,45851.70,0.00,0.00,0.00,0.0
1283760000,0,31.1,16.6,23.6,23.7,45728.67,0.00,0.00,0.00,0.0
1283846400,1,25.6,15.7,20.4,20.5,45604.95,0.00,0.00,0.00,0.0
1283932800,3,22.1,13.6,17.1,16.8,45480.62,0.00,0.00,0.00,0.0
1284019200,51,22.9,13.3,17.0,16.7,45355.77,0.10,0.10,0.00,1.0
1284105600,0,29.1,11.6,20.6,20.5,45230.46,0.00,0.00,0.00,0.0
1284192000,2,32.3,13.4,23.8,23.5,45104.78,0.00,0.00,0.00,0.0
1284278400,2,33.0,16.9,25.5,25.6,44978.82,0.00,0.00,0.00,0.0
1284364800,0,33.1,19.9,25.9,26.6,44852.64,0.00,0.00,0.00,0.0
1284451200,0,32.3,18.9,24.7,25.3,44726.34,0.00,0.00,0.00,0.0
1284537600,0,30.9,17.0,23.4,23.6,44599.97,0.00,0.00,0.00,0.0
1284624000,0,32.0,13.7,23.3,23.0,44473.63,0.00,0.00,0.00,0.0
1284710400,0,30.2,16.3,22.7,22.3,44347.38,0.00,0.00,0.00,0.0
1284796800,0,31.1,13.7,22.5,21.8,44221.30,0.00,0.00,0.00,0.0
1284883200,0,31.4,14.5,22.9,22.5,44095.47,0.00,0.00,0.00,0.0
1284969600,1,30.7,17.6,23.1,22.9,43969.96,0.00,0.00,0.00,0.0
1285056000,1,26.2,14.0,19.7,19.5,43844.86,0.00,0.00,0.00,0.0
1285142400,3,21.6,12.4,16.2,15.6,43720.22,0.00,0.00,0.00,0.0
1285228800,2,32.4,10.8,21.8,21.6,43595.70,0.00,0.00,0.00,0.0
1285315200,0,36.9,14.2,26.5,25.1,43470.59,0.00,0.00,0.00,0.0
1285401600,0,39.7,16.5,28.6,26.5,43344.94,0.00,0.00,0.00,0.0
1285488000,0,40.4,16.6,29.9,27.8,43218.84,0.00,0.00,0.00,0.0
1285574400,1,41.7,19.8,31.6,29.9,43092.39,0.00,0.00,0.00,0.0
1285660800,3,36.6,23.4,29.1,28.4,42965.64,0.00,0.00,0.00,0.0
1285747200,3,33.3,21.9,27.3,27.8,42838.70,0.00,0.00,0.00,0.0
1285833600,51,33.8,22.0,27.6,28.3,42711.64,0.20,0.20,0.00,1.0
1285920000,51,33.3,20.3,27.0,28.2,42584.54,0.30,0.30,0.00,1.0
1286006400,51,32.2,21.8,26.0,27.2,42457.49,0.10,0.10,0.00,1.0
1286092800,51,29.8,18.7,23.4,25.1,42330.57,0.40,0.40,0.00,2.0
1286179200,53,21.3,13.3,17.2,17.8,42203.87,2.60,2.60,0.00,10.0
1286265600,51,17.2,11.9,14.2,13.2,42077.45,1.50,1.50,0.00,8.0
1286352000,53,15.5,11.9,13.5,13.0,41951.43,5.20,5.20,0.00,18.0
1286438400,2,20.7,11.5,15.3,14.7,41825.87,0.00,0.00,0.00,0.0
1286524800,2,26.9,8.8,18.3,17.5,41700.86,0.00,0.00,0.00,0.0
1286611200,3,32.0,10.5,21.8,20.4,41576.50,0.00,0.00,0.00,0.0
1286697600,3,34.4,14.3,24.6,23.2,41452.87,0.00,0.00,0.00,0.0
1286784000,0,33.7,15.4,25.0,24.3,41330.05,0.00,0.00,0.00,0.0
1286870400,2,34.2,15.5,26.0,25.9,41208.15,0.00,0.00,0.00,0.0
1286956800,1,35.2,16.2,26.4,24.5,41086.77,0.00,0.00,0.00,0.0
1287043200,51,34.1,16.0,24.6,23.7,40965.13,0.10,0.10,0.00,1.0
1287129600,2,29.6,17.4,22.4,21.9,40843.31,0.00,0.00,0.00,0.0
1287216000,3,26.4,15.3,19.9,19.9,40721.40,0.00,0.00,0.00,0.0
1287302400,51,20.9,14.2,16.9,16.9,40599.50,1.20,1.20,0.00,5.0
1287388800,51,20.6,13.4,16.3,16.3,40477.70,1.90,1.90,0.00,7.0
1287475200,53,23.1,14.7,18.1,18.1,40356.11,1.60,1.60,0.00,7.0
1287561600,61,19.4,14.3,16.3,16.7,40234.82,6.20,6.20,0.00,12.0
1287648000,51,17.4,13.6,14.9,15.0,40113.93,0.70,0.70,0.00,5.0
1287734400,51,16.7,12.4,14.1,13.9,39993.55,0.90,0.90,0.00,8.0
1287820800,51,16.6,11.8,13.7,13.5,39873.78,0.10,0.10,0.00,1.0
1287907200,51,18.6,12.0,14.4,14.2,39754.72,1.20,1.20,0.00,4.0
1287993600,53,19.6,12.9,15.9,16.2,39636.48,5.50,5.50,0.00,10.0
1288080000,2,20.4,10.4,15.3,14.5,39519.18,0.00,0.00,0.00,0.0
1288166400,3,22.7,8.4,14.2,11.2,39402.91,0.00,0.00,0.00,0.0
1288252800,3,25.4,7.2,16.9,14.4,39287.80,0.00,0.00,0.00,0.0
1288339200,3,25.2,13.1,18.7,17.1,39173.96,0.00,0.00,0.00,0.0
1288425600,61,17.3,10.6,13.3,12.5,39061.51,5.00,5.00,0.00,8.0
1288512000,3,21.6,10.0,14.6,13.7,38950.56,0.00,0.00,0.00,0.0
1288598400,0,28.1,8.0,17.1,14.8,38841.23,0.00,0.00,0.00,0.0
1288684800,0,31.9,11.6,20.4,18.4,38733.14,0.00,0.00,0.00,0.0
1288771200,0,34.0,12.8,22.5,20.3,38625.43,0.00,0.00,0.00,0.0
1288857600,3,33.0,14.2,23.7,21.3,38518.20,0.00,0.00,0.00,0.0
1288944000,3,29.8,13.9,22.1,19.8,38411.55,0.00,0.00,0.00,0.0
1289030400,3,24.6,12.5,18.7,16.8,38305.60,0.00,0.00,0.00,0.0
1289116800,51,18.6,10.5,13.9,13.1,38200.46,0.20,0.20,0.00,1.0
1289203200,53,17.4,9.1,13.4,12.1,38096.26,4.70,4.70,0.00,12.0
1289289600,0,19.3,5.2,12.5,10.1,37993.11,0.00,0.00,0.00,0.0
1289376000,51,17.3,8.9,12.9,11.3,37891.13,0.20,0.20,0.00,1.0
1289462400,1,19.4,5.5,11.7,8.3,37790.45,0.00,0.00,0.00,0.0
1289548800,0,22.8,4.2,12.7,9.3,37691.18,0.00,0.00,0.00,0.0
1289635200,3,23.7,6.0,14.0,10.1,37593.46,0.00,0.00,0.00,0.0
1289721600,2,24.5,7.0,15.3,12.1,37497.42,0.00,0.00,0.00,0.0
1289808000,0,26.3,9.6,17.6,15.3,37403.20,0.00,0.00,0.00,0.0
1289894400,0,22.4,9.9,16.0,13.8,37310.90,0.00,0.00,0.00,0.0
1289980800,2,25.8,7.9,16.6,14.4,37220.70,0.00,0.00,0.00,0.0
1290067200,3,24.6,6.6,15.4,13.0,37132.70,0.00,0.00,0.00,0.0
1290153600,51,16.2,10.9,12.9,11.8,37047.05,0.60,0.60,0.00,3.0
1290240000,63,12.6,9.5,10.6,9.5,36963.91,25.20,25.20,0.00,24.0
1290326400,63,10.9,6.2,8.1,6.3,36883.40,10.70,10.70,0.00,13.0
1290412800,2,12.3,6.0,8.3,6.4,36805.20,0.00,0.00,0.00,0.0
1290499200,51,11.8,5.1,8.2,6.3,36728.58,0.20,0.20,0.00,1.0
1290585600,51,10.7,4.1,8.3,6.6,36653.61,1.10,1.10,0.00,7.0
1290672000,0,13.0,-0.3,5.2,1.2,36580.38,0.00,0.00,0.00,0.0
1290758400,0,15.8,-1.3,6.1,2.5,36509.00,0.00,0.00,0.00,0.0
1290844800,61,13.8,-0.2,6.9,4.1,36439.55,4.00,4.00,0.00,4.0
1290931200,53,12.1,2.7,7.6,5.0,36372.15,1.50,1.50,0.00,3.0
1291017600,0,12.9,-0.5,5.1,1.2,36306.88,0.00,0.00,0.00,0.0
1291104000,2,16.1,-1.1,6.1,2.4,36243.85,0.00,0.00,0.00,0.0
1291190400,2,20.4,0.8,9.0,5.6,36183.16,0.00,0.00,0.00,0.0
1291276800,3,22.3,2.9,13.0,10.4,36124.91,0.00,0.00,0.00,0.0
1291363200,3,21.2,9.9,15.5,13.2,36069.20,0.00,0.00,0.00,0.0
1291449600,53,18.1,9.6,13.3,10.9,36016.13,0.50,0.50,0.00,1.0
1291536000,55,21.3,9.4,14.1,12.2,35965.81,3.10,3.10,0.00,6.0
1291622400,51,18.8,6.7,12.8,11.8,35918.33,0.90,0.90,0.00,4.0
1291708800,0,21.5,3.8,11.1,8.7,35873.81,0.00,0.00,0.00,0.0
1291795200,3,21.9,3.2,12.9,10.5,35832.34,0.00,0.00,0.00,0.0
1291881600,2,21.9,10.3,15.4,13.8,35794.02,0.00,0.00,0.00,0.0
1291968000,3,21.3,10.1,15.3,14.4,35758.96,0.00,0.00,0.00,0.0
1292054400,3,23.7,6.9,13.8,12.0,35727.25,0.00,0.00,0.00,0.0
1292140800,1,25.9,7.6,14.8,12.9,35698.79,0.00,0.00,0.00,0.0
1292227200,2,25.1,5.7,15.6,13.5,35673.23,0.00,0.00,0.00,0.0
1292313600,3,19.1,9.1,14.3,12.5,35650.58,0.00,0.00,0.00,0.0
1292400000,53,11.5,7.7,9.8,8.7,35630.86,1.50,1.50,0.00,5.0
1292486400,55,12.4,8.6,10.3,9.2,35614.07,7.40,7.40,0.00,11.0
1292572800,61,10.5,7.4,9.3,8.3,35600.23,10.70,10.70,0.00,15.0
1292659200,61,12.8,10.6,11.4,11.0,35589.35,14.10,14.10,0.00,24.0
1292745600,63,12.6,10.4,11.6,10.8,35581.43,68.50,68.50,0.00,24.0
1292832000,65,13.1,10.9,12.0,11.4,35576.47,74.60,74.60,0.00,24.0
1292918400,63,12.3,10.0,11.0,10.5,35574.50,33.80,33.80,0.00,24.0
1293004800,65,12.1,7.9,10.5,9.4,35575.50,82.40,82.40,0.00,18.0
1293091200,3,14.6,6.1,9.9,8.8,35579.49,0.00,0.00,0.00,0.0
1293177600,3,17.6,3.4,9.6,7.9,35586.46,0.00,0.00,0.00,0.0
1293264000,61,16.1,4.2,9.5,7.7,35596.41,4.60,4.60,0.00,4.0
1293350400,53,14.3,6.3,10.2,9.1,35609.35,1.80,1.80,0.00,3.0
1293436800,2,16.6,2.8,8.7,6.4,35625.27,0.00,0.00,0.00,0.0
1293523200,3,16.5,2.3,9.1,7.0,35644.17,0.00,0.00,0.00,0.0
1293609600,63,9.5,7.5,8.4,7.0,35666.04,21.30,21.30,0.00,17.0
1293696000,2,10.0,2.1,5.8,2.8,35690.87,0.00,0.00,0.00,0.0
1293782400,3,9.5,1.6,5.3,2.1,35718.67,0.00,0.00,0.00,0.0
1293868800,3,11.0,0.0,5.7,2.6,35749.59,0.00,0.00,0.00,0.0
1293955200,61,10.6,0.7,5.3,2.7,35783.89,6.90,6.90,0.00,10.0
1294041600,53,8.4,2.3,5.5,3.0,35821.47,7.00,7.00,0.00,18.0
1294128000,2,13.0,0.4,6.0,3.1,35862.25,0.00,0.00,0.00,0.0
1294214400,3,14.2,-0.2,6.0,2.8,35906.12,0.00,0.00,0.00,0.0
1294300800,3,16.7,2.4,8.5,5.9,35952.98,0.00,0.00,0.00,0.0
1294387200,3,14.4,2.6,8.7,6.8,36002.75,0.00,0.00,0.00,0.0
1294473600,51,10.7,6.3,8.1,6.6,36055.32,0.40,0.40,0.00,3.0
1294560000,51,9.1,5.7,7.2,5.4,36110.59,0.20,0.20,0.00,2.0
1294646400,3,12.3,3.3,7.2,4.6,36168.45,0.00,0.00,0.00,0.0
1294732800,3,13.4,2.5,7.5,4.6,36228.83,0.00,0.00,0.00,0.0
1294819200,2,17.2,3.4,9.1,6.3,36291.61,0.00,0.00,0.00,0.0
1294905600,2,19.8,2.5,10.2,8.0,36356.70,0.00,0.00,0.00,0.0
1294992000,3,21.4,5.7,11.9,9.5,36424.00,0.00,0.00,0.00,0.0
1295078400,3,22.7,6.3,12.9,11.1,36493.42,0.00,0.00,0.00,0.0
1295164800,3,24.9,6.5,14.6,13.5,36564.86,0.00,0.00,0.00,0.0
1295251200,0,26.7,9.4,16.7,16.3,36638.23,0.00,0.00,0.00,0.0
1295337600,0,25.6,9.1,16.6,16.0,36713.43,0.00,0.00,0.00,0.0
1295424000,2,20.0,9.6,15.3,14.8,36790.37,0.00,0.00,0.00,0.0
1295510400,2,18.5,5.3,10.8,7.6,36868.96,0.00,0.00,0.00,0.0
1295596800,0,21.3,3.3,11.1,8.7,36949.55,0.00,0.00,0.00,0.0
1295683200,3,21.3,3.9,12.0,10.1,37032.87,0.00,0.00,0.00,0.0
1295769600,3,19.2,4.4,10.5,7.3,37118.76,0.00,0.00,0.00,0.0
1295856000,1,22.0,2.2,11.1,8.3,37207.10,0.00,0.00,0.00,0.0
1295942400,3,22.2,5.5,12.6,10.0,37297.74,0.00,0.00,0.00,0.0
1296028800,2,20.8,5.2,11.6,8.6,37390.54,0.00,0.00,0.00,0.0
1296115200,0,22.6,4.6,12.4,9.4,37485.37,0.00,0.00,0.00,0.0
1296201600,0,21.9,3.4,13.0,10.0,37582.08,0.00,0.00,0.00,0.0
1296288000,3,17.8,8.1,12.3,9.9,37680.55,0.00,0.00,0.00,0.0
1296374400,55,10.5,5.5,8.1,6.4,37780.64,4.80,4.80,0.00,12.0
1296460800,3,17.2,4.9,11.0,9.1,37882.23,0.00,0.00,0.00,0.0
1296547200,2,17.5,3.2,9.5,6.8,37985.18,0.00,0.00,0.00,0.0
1296633600,0,11.9,-0.7,5.1,0.6,38089.37,0.00,0.00,0.00,0.0
1296720000,0,16.2,-0.8,7.1,3.4,38194.68,0.00,0.00,0.00,0.0
1296806400,3,21.0,1.1,10.7,7.8,38300.99,0.00,0.00,0.00,0.0
1296892800,3,23.9,5.2,14.1,11.7,38408.17,0.00,0.00,0.00,0.0
1296979200,3,23.9,6.6,14.6,12.5,38516.12,0.00,0.00,0.00,0.0
1297065600,0,23.2,6.1,14.5,12.4,38624.71,0.00,0.00,0.00,0.0
1297152000,3,16.9,6.0,11.3,8.8,38733.83,0.00,0.00,0.00,0.0
1297238400,0,17.7,2.3,9.2,5.2,38843.38,0.00,0.00,0.00,0.0
1297324800,0,18.3,1.7,8.9,5.0,38953.77,0.00,0.00,0.00,0.0
1297411200,0,21.9,1.2,10.8,7.0,39065.84,0.00,0.00,0.00,0.0
1297497600,1,24.5,3.3,13.9,10.5,39179.52,0.00,0.00,0.00,0.0
1297584000,3,22.9,3.5,13.1,10.2,39294.66,0.00,0.00,0.00,0.0
1297670400,2,16.9,6.3,10.9,8.8,39411.15,0.00,0.00,0.00,0.0
1297756800,51,15.7,7.9,11.3,9.9,39528.86,0.30,0.30,0.00,2.0
1297843200,61,13.0,5.0,9.7,8.2,39647.68,19.30,19.30,0.00,19.0
1297929600,3,11.5,2.6,7.0,4.9,39767.49,0.00,0.00,0.00,0.0
1298016000,63,14.2,5.6,9.0,6.9,39888.18,27.20,27.20,0.00,11.0
1298102400,63,9.6,4.4,7.0,4.9,40009.64,29.90,29.90,0.00,21.0
1298188800,53,11.4,3.0,6.5,4.4,40131.76,1.60,1.60,0.00,6.0
1298275200,3,12.5,3.5,7.7,5.6,40254.43,0.00,0.00,0.00,0.0
1298361600,3,13.8,2.4,8.1,6.2,40377.54,0.00,0.00,0.00,0.0
1298448000,51,11.6,5.3,7.9,6.0,40500.99,0.30,0.30,0.00,2.0
1298534400,3,11.0,5.0,7.6,5.5,40624.67,0.00,0.00,0.00,0.0
1298620800,63,9.3,5.2,7.1,4.9,40748.48,12.00,12.00,0.00,15.0
1298707200,71,7.8,1.7,5.2,2.8,40872.33,31.90,31.80,0.07,18.0
1298793600,0,12.3,-1.7,5.1,2.5,40996.11,0.00,0.00,0.00,0.0
1298880000,3,16.0,-1.2,7.7,5.5,41119.73,0.00,0.00,0.00,0.0
1298966400,3,17.3,0.6,9.2,7.3,41243.07,0.00,0.00,0.00,0.0
1299052800,51,15.6,4.8,10.7,9.3,41366.56,0.10,0.10,0.00,1.0
1299139200,3,17.1,10.0,12.8,12.1,41491.00,0.00,0.00,0.00,0.0
1299225600,3,22.0,5.7,13.3,11.8,41616.32,0.00,0.00,0.00,0.0
1299312000,3,23.6,4.1,14.5,12.6,41742.42,0.00,0.00,0.00,0.0
1299398400,51,17.7,10.0,13.8,12.4,41869.22,0.70,0.70,0.00,3.0
1299484800,53,13.7,8.4,10.7,9.3,41996.62,5.20,5.20,0.00,17.0
1299571200,3,20.2,5.1,12.1,10.1,42124.52,0.00,0.00,0.00,0.0
1299657600,3,25.2,5.1,15.3,13.6,42252.85,0.00,0.00,0.00,0.0
1299744000,1,24.7,5.4,15.6,14.4,42381.51,0.00,0.00,0.00,0.0
1299830400,3,21.0,8.3,14.4,13.6,42510.41,0.00,0.00,0.00,0.0
1299916800,3,17.6,9.0,12.6,12.0,42639.46,0.00,0.00,0.00,0.0
1300003200,3,20.3,8.1,13.9,13.6,42768.58,0.00,0.00,0.00,0.0
1300089600,3,22.9,9.4,16.2,15.9,42897.68,0.00,0.00,0.00,0.0
1300176000,3,25.6,10.5,17.5,17.3,43026.67,0.00,0.00,0.00,0.0
1300262400,3,20.7,12.3,16.1,16.3,43155.46,0.00,0.00,0.00,0.0
1300348800,3,20.2,9.9,15.4,14.5,43283.97,0.00,0.00,0.00,0.0
1300435200,3,18.4,6.6,12.5,10.8,43412.11,0.00,0.00,0.00,0.0
1300521600,53,14.2,6.2,9.8,8.0,43539.80,2.30,2.30,0.00,6.0
1300608000,63,11.7,7.1,9.1,6.8,43666.95,40.00,40.00,0.00,21.0
1300694400,63,11.7,5.3,7.9,6.1,43793.46,16.70,16.70,0.00,19.0
1300780800,3,13.1,4.9,8.4,6.6,43919.71,0.00,0.00,0.00,0.0
1300867200,63,15.7,3.3,8.8,7.0,44046.46,9.30,9.30,0.00,7.0
1300953600,53,10.7,4.6,7.8,5.7,44173.64,1.10,1.10,0.00,4.0
1301040000,61,12.6,6.9,9.0,7.3,44301.17,8.40,8.40,0.00,13.0
1301126400,51,11.3,5.7,8.4,6.5,44428.98,0.40,0.40,0.00,3.0
1301212800,51,13.4,7.6,9.9,8.7,44556.99,1.10,1.10,0.00,7.0
1301299200,3,16.6,7.5,12.1,11.3,44685.10,0.00,0.00,0.00,0.0
1301385600,3,23.3,7.1,15.7,15.6,44813.26,0.00,0.00,0.00,0.0
1301472000,3,27.7,10.3,18.5,18.1,44941.36,0.00,0.00,0.00,0.0
1301558400,0,31.6,11.0,21.3,21.0,45069.33,0.00,0.00,0.00,0.0
1301644800,3,31.0,11.0,21.1,21.6,45197.09,0.00,0.00,0.00,0.0
1301731200,51,21.3,12.2,16.7,17.3,45324.55,0.10,0.10,0.00,1.0
1301817600,51,16.6,9.8,12.9,12.1,45451.63,0.20,0.20,0.00,2.0
1301904000,3,25.3,8.0,17.2,15.9,45578.25,0.00,0.00,0.00,0.0
1301990400,3,24.2,8.7,16.5,16.1,45704.30,0.00,0.00,0.00,0.0
1302076800,51,18.1,11.2,14.3,14.1,45829.73,0.20,0.20,0.00,1.0
1302163200,53,13.9,5.7,10.9,9.0,45954.43,5.80,5.80,0.00,18.0
1302249600,53,11.0,3.2,6.3,4.0,46078.31,6.80,6.80,0.00,18.0
1302336000,53,12.4,3.4,7.5,5.3,46201.28,1.20,1.20,0.00,4.0
1302422400,1,18.8,2.9,11.3,9.9,46323.24,0.00,0.00,0.00,0.0
1302508800,3,21.8,5.9,14.2,12.8,46444.55,0.00,0.00,0.00,0.0
1302595200,51,19.8,10.0,14.2,13.7,46565.93,0.20,0.20,0.00,1.0
1302681600,51,14.1,9.5,11.8,10.4,46687.32,0.50,0.50,0.00,4.0
1302768000,3,23.0,5.5,14.9,13.0,46808.62,0.00,0.00,0.00,0.0
1302854400,1,28.5,7.3,18.6,16.8,46929.77,0.00,0.00,0.00,0.0
1302940800,1,30.8,9.9,21.2,20.6,47050.67,0.00,0.00,0.00,0.0
1303027200,2,26.3,13.6,20.3,20.4,47171.24,0.00,0.00,0.00,0.0
1303113600,3,16.8,11.4,14.0,13.5,47291.40,0.00,0.00,0.00,0.0
1303200000,51,19.4,11.0,14.3,13.7,47411.05,0.10,0.10,0.00,1.0
1303286400,51,18.8,10.7,14.1,13.5,47530.11,0.10,0.10,0.00,1.0
1303372800,3,17.3,10.6,13.1,12.1,47648.49,0.00,0.00,0.00,0.0
1303459200,3,19.6,9.8,13.8,13.1,47766.08,0.00,0.00,0.00,0.0
1303545600,3,18.0,10.1,13.2,12.1,47882.81,0.00,0.00,0.00,0.0
1303632000,51,16.4,8.9,12.0,10.7,47998.57,1.40,1.40,0.00,8.0
1303718400,3,23.2,9.4,15.9,15.3,48113.27,0.00,0.00,0.00,0.0
1303804800,2,24.2,9.9,17.3,16.7,48226.79,0.00,0.00,0.00,0.0
1303891200,0,28.2,9.0,19.7,18.8,48339.05,0.00,0.00,0.00,0.0
1303977600,0,26.8,14.3,20.4,19.7,48449.94,0.00,0.00,0.00,0.0
1304064000,2,23.1,11.6,16.9,16.5,48559.34,0.00,0.00,0.00,0.0
1304150400,0,22.5,8.2,15.9,11.7,48667.17,0.00,0.00,0.00,0.0
1304236800,0,25.5,5.5,16.7,13.1,48773.72,0.00,0.00,0.00,0.0
1304323200,1,29.9,7.6,20.1,17.1,48879.68,0.00,0.00,0.00,0.0
1304409600,0,32.9,8.4,22.5,19.6,48984.99,0.00,0.00,0.00,0.0
1304496000,0,34.7,11.0,24.4,22.3,49089.54,0.00,0.00,0.00,0.0
1304582400,0,33.7,13.7,24.1,22.8,49193.27,0.00,0.00,0.00,0.0
1304668800,0,27.8,15.2,20.8,20.3,49296.05,0.00,0.00,0.00,0.0
1304755200,3,23.1,11.8,16.7,16.1,49397.82,0.00,0.00,0.00,0.0
1304841600,51,15.3,9.5,11.9,10.1,49498.48,0.40,0.40,0.00,3.0
1304928000,3,14.6,8.8,11.4,9.4,49597.91,0.00,0.00,0.00,0.0
1305014400,3,21.7,9.1,14.4,12.9,49696.04,0.00,0.00,0.00,0.0
1305100800,1,23.4,8.8,16.3,15.9,49792.75,0.00,0.00,0.00,0.0
1305187200,0,29.1,10.5,20.3,20.1,49887.95,0.00,0.00,0.00,0.0
1305273600,1,27.5,13.2,20.1,20.0,49981.52,0.00,0.00,0.00,0.0
1305360000,51,20.7,11.4,15.3,14.4,50073.37,0.30,0.30,0.00,1.0
1305446400,53,15.6,8.0,11.9,9.7,50163.39,4.50,4.50,0.00,13.0
1305532800,3,16.2,7.4,11.1,9.0,50251.47,0.00,0.00,0.00,0.0
1305619200,53,14.2,8.3,10.7,9.1,50337.50,5.00,5.00,0.00,20.0
1305705600,53,14.9,9.4,11.8,10.5,50421.38,5.30,5.30,0.00,17.0
1305792000,3,19.7,10.0,14.4,13.7,50502.97,0.00,0.00,0.00,0.0
1305878400,2,22.2,8.9,16.4,16.5,50582.18,0.00,0.00,0.00,0.0
1305964800,3,24.7,10.7,17.7,17.8,50659.23,0.00,0.00,0.00,0.0
1306051200,3,21.6,11.5,15.8,15.6,50734.68,0.00,0.00,0.00,0.0
1306137600,51,16.5,10.5,13.1,11.7,50808.45,0.10,0.10,0.00,1.0
1306224000,2,21.5,8.4,14.8,14.3,50880.49,0.00,0.00,0.00,0.0
1306310400,0,24.6,11.1,17.9,17.6,50950.71,0.00,0.00,0.00,0.0
1306396800,2,23.1,10.9,16.7,16.1,51019.04,0.00,0.00,0.00,0.0
1306483200,0,25.9,11.5,18.6,18.3,51085.40,0.00,0.00,0.00,0.0
1306569600,3,21.9,11.4,15.9,15.2,51149.73,0.00,0.00,0.00,0.0
1306656000,51,19.3,10.4,13.8,11.6,51211.93,2.60,2.60,0.00,11.0
1306742400,2,25.3,7.9,17.5,16.2,51271.95,0.00,0.00,0.00,0.0
1306828800,3,26.3,10.2,18.9,17.6,51329.69,0.00,0.00,0.00,0.0
1306915200,3,21.7,11.5,16.4,14.8,51385.07,0.00,0.00,0.00,0.0
1307001600,3,25.1,8.2,17.6,16.2,51438.04,0.00,0.00,0.00,0.0
1307088000,3,25.8,9.8,18.3,17.1,51488.50,0.00,0.00,0.00,0.0
1307174400,3,23.2,11.1,17.0,15.8,51536.38,0.00,0.00,0.00,0.0
1307260800,51,24.8,11.3,17.7,16.5,51581.60,0.60,0.60,0.00,2.0
1307347200,55,21.7,11.2,15.9,15.2,51624.08,2.40,2.40,0.00,4.0
1307433600,1,23.7,11.0,17.2,17.0,51663.76,0.00,0.00,0.00,0.0
1307520000,3,23.2,11.8,16.6,16.3,51700.54,0.00,0.00,0.00,0.0
1307606400,2,24.7,12.0,17.7,17.7,51734.36,0.00,0.00,0.00,0.0
1307692800,0,24.5,11.9,17.9,17.8,51765.29,0.00,0.00,0.00,0.0
1307779200,1,24.6,11.4,17.5,17.3,51793.56,0.00,0.00,0.00,0.0
1307865600,53,23.4,11.9,17.5,17.4,51819.17,0.60,0.60,0.00,1.0
1307952000,3,25.7,13.0,19.3,19.8,51842.11,0.00,0.00,0.00,0.0
1308038400,0,31.7,13.3,23.0,23.6,51862.37,0.00,0.00,0.00,0.0
1308124800,0,28.8,15.6,21.7,22.3,51879.92,0.00,0.00,0.00,0.0
1308211200,3,25.3,13.4,18.9,19.2,51894.78,0.00,0.00,0.00,0.0
1308297600,2,24.6,12.9,18.1,18.1,51906.92,0.00,0.00,0.00,0.0
1308384000,3,25.9,12.4,18.5,18.4,51916.34,0.00,0.00,0.00,0.0
1308470400,3,25.8,11.5,18.4,18.5,51923.04,0.00,0.00,0.00,0.0
1308556800,2,33.8,14.8,24.9,25.4,51927.00,0.00,0.00,0.00,0.0
1308643200,1,35.1,17.3,26.4,27.3,51928.23,0.00,0.00,0.00,0.0
1308729600,1,34.2,19.7,26.2,27.1,51926.71,0.00,0.00,0.00,0.0
1308816000,0,32.0,18.2,24.5,25.0,51922.47,0.00,0.00,0.00,0.0
1308902400,0,30.3,16.7,23.3,23.7,51915.48,0.00,0.00,0.00,0.0
1308988800,0,30.9,15.3,23.2,23.2,51905.75,0.00,0.00,0.00,0.0
1309075200,0,31.7,15.4,24.0,24.0,51893.28,0.00,0.00,0.00,0.0
1309161600,0,33.8,17.7,25.8,25.7,51878.07,0.00,0.00,0.00,0.0
1309248000,0,30.8,18.4,24.2,24.4,51860.14,0.00,0.00,0.00,0.0
1309334400,0,26.8,15.4,20.6,20.8,51839.48,0.00,0.00,0.00,0.0
1309420800,1,32.1,12.7,23.2,23.6,51815.98,0.00,0.00,0.00,0.0
1309507200,0,36.8,16.0,27.7,28.1,51789.46,0.00,0.00,0.00,0.0
1309593600,0,38.0,18.3,29.1,30.0,51760.00,0.00,0.00,0.00,0.0
1309680000,3,36.9,22.1,29.1,29.9,51727.65,0.00,0.00,0.00,0.0
1309766400,53,35.5,22.2,27.6,30.0,51692.48,0.90,0.90,0.00,4.0
1309852800,2,33.0,21.7,26.8,30.3,51654.57,0.00,0.00,0.00,0.0
1309939200,2,32.8,22.4,27.2,30.1,51613.98,0.00,0.00,0.00,0.0
1310025600,51,31.8,22.4,27.1,29.8,51570.80,0.30,0.30,0.00,2.0
1310112000,2,32.5,21.1,26.2,28.3,51525.07,0.00,0.00,0.00,0.0
1310198400,2,32.6,19.9,25.8,27.0,51476.88,0.00,0.00,0.00,0.0
1310284800,0,32.1,19.0,24.9,25.9,51426.30,0.00,0.00,0.00,0.0
1310371200,2,28.7,16.5,22.1,22.6,51373.41,0.00,0.00,0.00,0.0
1310457600,1,28.1,14.8,20.6,20.9,51318.26,0.00,0.00,0.00,0.0
1310544000,3,25.6,13.7,19.1,19.3,51260.93,0.00,0.00,0.00,0.0
1310630400,3,25.1,14.0,18.6,18.9,51201.50,0.00,0.00,0.00,0.0
1310716800,51,26.1,14.6,19.3,19.6,51140.04,0.10,0.10,0.00,1.0
1310803200,2,27.4,13.9,20.4,20.7,51076.61,0.00,0.00,0.00,0.0
1310889600,0,31.6,13.7,23.3,23.4,51011.29,0.00,0.00,0.00,0.0
1310976000,2,33.8,17.7,26.0,26.0,50944.14,0.00,0.00,0.00,0.0
1311062400,0,34.6,20.8,27.1,27.5,50875.24,0.00,0.00,0.00,0.0
1311148800,0,33.4,18.9,25.5,25.6,50804.33,0.00,0.00,0.00,0.0
1311235200,0,31.4,16.4,23.4,23.4,50730.91,0.00,0.00,0.00,0.0
1311321600,0,30.1,15.3,22.5,22.6,50655.07,0.00,0.00,0.00,0.0
1311408000,0,33.1,15.4,24.3,24.3,50576.92,0.00,0.00,0.00,0.0
1311494400,1,34.6,19.3,26.8,27.9,50496.58,0.00,0.00,0.00,0.0
1311580800,2,33.6,21.2,27.3,28.6,50414.16,0.00,0.00,0.00,0.0
1311667200,2,31.2,20.7,26.0,27.2,50329.77,0.00,0.00,0.00,0.0
1311753600,2,29.9,18.1,23.2,24.5,50243.50,0.00,0.00,0.00,0.0
1311840000,3,30.6,17.0,23.4,24.4,50155.46,0.00,0.00,0.00,0.0
1311926400,3,30.3,18.0,23.7,24.8,50065.76,0.00,0.00,0.00,0.0
1312012800,3,31.3,18.8,25.0,26.7,49974.50,0.00,0.00,0.00,0.0
1312099200,51,30.4,22.2,26.3,29.0,49881.77,0.50,0.50,0.00,2.0
1312185600,2,35.2,20.0,28.4,31.3,49787.70,0.00,0.00,0.00,0.0
1312272000,51,36.5,21.3,29.6,31.0,49692.34,0.30,0.30,0.00,3.0
1312358400,0,36.5,24.0,29.4,29.2,49595.82,0.00,0.00,0.00,0.0
1312444800,0,34.6,20.8,26.8,26.7,49498.23,0.00,0.00,0.00,0.0
1312531200,0,31.9,16.4,24.2,24.2,49399.65,0.00,0.00,0.00,0.0
1312617600,0,31.5,16.0,23.4,23.8,49300.18,0.00,0.00,0.00,0.0
1312704000,0,33.5,16.1,24.9,25.2,49199.91,0.00,0.00,0.00,0.0
1312790400,0,32.5,15.2,23.9,24.2,49098.92,0.00,0.00,0.00,0.0
1312876800,0,30.4,16.8,22.9,23.2,48996.89,0.00,0.00,0.00,0.0
1312963200,1,28.2,15.7,21.3,21.7,48893.18,0.00,0.00,0.00,0.0
1313049600,2,28.3,14.7,21.0,21.4,48787.88,0.00,0.00,0.00,0.0
1313136000,3,31.3,15.6,23.0,23.2,48681.08,0.00,0.00,0.00,0.0
1313222400,2,31.8,18.6,24.7,25.9,48572.91,0.00,0.00,0.00,0.0
1313308800,1,34.1,19.5,26.1,27.9,48463.45,0.00,0.00,0.00,0.0
1313395200,0,33.3,19.3,25.8,27.0,48352.80,0.00,0.00,0.00,0.0
1313481600,1,33.5,18.8,25.9,26.8,48241.08,0.00,0.00,0.00,0.0
1313568000,1,35.1,16.3,26.6,27.1,48128.36,0.00,0.00,0.00,0.0
1313654400,0,34.1,21.6,27.1,27.4,48014.75,0.00,0.00,0.00,0.0
1313740800,0,30.6,18.0,23.8,24.4,47900.35,0.00,0.00,0.00,0.0
1313827200,1,29.3,16.0,21.9,22.2,47785.23,0.00,0.00,0.00,0.0
1313913600,3,30.6,16.0,22.9,23.0,47669.50,0.00,0.00,0.00,0.0
1314000000,51,32.0,18.5,25.0,25.2,47553.23,0.10,0.10,0.00,1.0
1314086400,0,36.3,19.7,28.2,29.2,47436.52,0.00,0.00,0.00,0.0
1314172800,0,36.0,23.1,29.0,30.1,47319.45,0.00,0.00,0.00,0.0
1314259200,0,38.8,22.6,30.9,31.6,47202.10,0.00,0.00,0.00,0.0
1314345600,2,40.0,22.1,31.4,32.4,47084.55,0.00,0.00,0.00,0.0
1314432000,53,39.1,23.8,31.9,33.3,46966.89,1.30,1.30,0.00,2.0
1314518400,1,37.9,23.0,30.3,32.6,46849.21,0.00,0.00,0.00,0.0
1314604800,0,37.1,23.7,29.4,31.0,46731.15,0.00,0.00,0.00,0.0
1314691200,0,33.6,20.3,26.4,27.3,46612.04,0.00,0.00,0.00,0.0
1314777600,0,32.3,18.2,24.6,24.7,46491.96,0.00,0.00,0.00,0.0
1314864000,0,33.1,18.4,25.5,25.2,46370.99,0.00,0.00,0.00,0.0
1314950400,0,34.7,20.0,27.1,27.0,46249.22,0.00,0.00,0.00,0.0
1315036800,0,35.3,21.1,27.6,28.1,46126.73,0.00,0.00,0.00,0.0
1315123200,1,34.0,19.3,27.0,26.8,46003.61,0.00,0.00,0.00,0.0
1315209600,51,33.7,22.0,28.2,28.9,45879.95,0.20,0.20,0.00,2.0
1315296000,51,36.3,19.8,29.2,30.6,45755.82,0.10,0.10,0.00,1.0
1315382400,1,38.2,21.0,30.3,31.8,45631.30,0.00,0.00,0.00,0.0
1315468800,0,36.2,24.4,29.5,30.6,45506.48,0.00,0.00,0.00,0.0
1315555200,1,33.4,19.7,26.1,26.7,45381.42,0.00,0.00,0.00,0.0
1315641600,2,28.3,17.5,22.2,22.8,45256.21,0.00,0.00,0.00,0.0
1315728000,2,27.9,15.2,21.3,21.6,45130.93,0.00,0.00,0.00,0.0
1315814400,2,32.4,14.6,24.3,24.1,45005.66,0.00,0.00,0.00,0.0
1315900800,53,31.9,18.4,24.6,25.0,44880.45,1.90,1.90,0.00,5.0
1315987200,51,29.3,18.4,23.2,24.3,44755.41,0.40,0.40,0.00,1.0
1316073600,1,28.2,17.3,22.1,23.2,44630.59,0.00,0.00,0.00,0.0
1316160000,2,26.5,16.0,20.4,21.1,44506.06,0.00,0.00,0.00,0.0
1316246400,2,26.3,14.7,20.0,20.8,44381.91,0.00,0.00,0.00,0.0
1316332800,0,34.0,14.1,24.3,25.0,44257.79,0.00,0.00,0.00,0.0
1316419200,0,35.1,16.0,25.8,26.6,44132.99,0.00,0.00,0.00,0.0
1316505600,2,33.7,16.7,25.0,26.3,44007.59,0.00,0.00,0.00,0.0
1316592000,1,32.9,18.5,24.8,26.1,43881.65,0.00,0.00,0.00,0.0
1316678400,1,36.2,16.2,26.4,26.5,43755.27,0.00,0.00,0.00,0.0
1316764800,3,33.6,17.3,25.7,25.5,43628.52,0.00,0.00,0.00,0.0
1316851200,51,27.3,16.9,22.0,22.9,43501.49,0.10,0.10,0.00,1.0
1316937600,1,23.9,14.0,18.3,18.8,43374.25,0.00,0.00,0.00,0.0
1317024000,3,28.6,13.8,21.1,21.8,43246.89,0.00,0.00,0.00,0.0
1317110400,0,35.1,15.5,25.5,25.5,43119.48,0.00,0.00,0.00,0.0
1317196800,0,34.4,17.0,24.9,25.4,42992.11,0.00,0.00,0.00,0.0
1317283200,0,31.6,18.1,24.1,24.8,42864.87,0.00,0.00,0.00,0.0
1317369600,51,31.3,17.0,24.5,25.3,42737.81,0.10,0.10,0.00,1.0
1317456000,0,33.7,16.5,25.8,26.1,42611.04,0.00,0.00,0.00,0.0
1317542400,3,31.5,19.1,25.4,25.7,42484.62,0.00,0.00,0.00,0.0
1317628800,3,27.8,15.4,22.1,22.5,42358.64,0.00,0.00,0.00,0.0
1317715200,51,19.6,12.8,15.5,14.7,42233.19,0.80,0.80,0.00,5.0
1317801600,63,14.3,10.3,12.7,12.1,42108.35,25.70,25.70,0.00,14.0
1317888000,53,16.1,10.1,12.5,11.9,41984.20,1.90,1.90,0.00,9.0
1317974400,0,21.3,7.6,14.5,13.0,41860.82,0.00,0.00,0.00,0.0
1318060800,0,25.1,8.2,16.8,15.9,41737.84,0.00,0.00,0.00,0.0
1318147200,3,26.2,9.8,18.6,17.5,41614.50,0.00,0.00,0.00,0.0
1318233600,3,25.1,10.1,18.3,17.8,41490.86,0.00,0.00,0.00,0.0
1318320000,0,29.7,11.6,20.6,20.9,41367.02,0.00,0.00,0.00,0.0
1318406400,0,34.2,13.9,23.1,22.4,41243.07,0.00,0.00,0.00,0.0
1318492800,0,36.2,13.7,25.1,23.9,41119.11,0.00,0.00,0.00,0.0
1318579200,3,32.1,15.6,23.8,23.5,40995.21,0.00,0.00,0.00,0.0
1318665600,0,29.0,17.0,21.9,22.4,40871.49,0.00,0.00,0.00,0.0
1318752000,0,29.3,16.8,22.1,22.1,40748.03,0.00,0.00,0.00,0.0
1318838400,0,32.3,12.8,23.2,22.6,40624.93,0.00,0.00,0.00,0.0
1318924800,1,32.2,13.5,22.9,22.1,40502.28,0.00,0.00,0.00,0.0
1319011200,2,26.9,15.5,20.8,20.7,40380.20,0.00,0.00,0.00,0.0
1319097600,2,26.0,12.9,18.8,18.2,40258.76,0.00,0.00,0.00,0.0
1319184000,1,28.5,11.7,20.1,19.9,40138.09,0.00,0.00,0.00,0.0
1319270400,2,33.0,13.0,22.8,20.9,40018.27,0.00,0.00,0.00,0.0
1319356800,3,32.3,12.0,22.1,20.3,39899.42,0.00,0.00,0.00,0.0
1319443200,51,24.8,14.6,19.2,18.7,39781.64,0.20,0.20,0.00,1.0
1319529600,51,17.3,12.3,14.4,14.0,39665.05,0.30,0.30,0.00,3.0
1319616000,51,23.1,9.8,15.9,13.9,39549.75,0.40,0.40,0.00,4.0
1319702400,0,24.7,6.0,15.2,11.8,39435.84,0.00,0.00,0.00,0.0
1319788800,3,26.9,6.6,16.8,13.4,39322.94,0.00,0.00,0.00,0.0
1319875200,3,29.2,7.9,18.2,15.1,39210.21,0.00,0.00,0.00,0.0
1319961600,0,31.4,9.1,20.8,17.8,39097.74,0.00,0.00,0.00,0.0
1320048000,2,30.0,9.8,20.5,18.1,38985.63,0.00,0.00,0.00,0.0
1320134400,0,25.5,13.0,19.0,17.3,38874.00,0.00,0.00,0.00,0.0
1320220800,0,22.8,8.8,15.2,10.4,38762.95,0.00,0.00,0.00,0.0
1320307200,53,23.3,6.4,14.9,12.0,38652.60,0.80,0.80,0.00,3.0
1320393600,61,12.3,7.3,9.8,8.7,38543.07,18.20,18.20,0.00,18.0
1320480000,2,12.9,6.2,8.9,6.8,38434.46,0.00,0.00,0.00,0.0
1320566400,61,9.1,5.4,7.5,5.7,38326.91,8.20,8.20,0.00,9.0
1320652800,2,15.8,2.8,9.2,7.0,38220.53,0.00,0.00,0.00,0.0
1320739200,1,17.4,2.0,9.4,6.7,38115.45,0.00,0.00,0.00,0.0
1320825600,3,20.0,2.7,10.2,6.9,38011.79,0.00,0.00,0.00,0.0
1320912000,3,21.7,5.1,13.6,10.9,37909.68,0.00,0.00,0.00,0.0
1320998400,3,21.6,7.9,13.8,11.6,37809.25,0.00,0.00,0.00,0.0
1321084800,53,15.9,9.7,13.3,11.8,37710.64,4.00,4.00,0.00,12.0
1321171200,1,20.1,5.3,12.7,11.5,37613.97,0.00,0.00,0.00,0.0
1321257600,2,17.8,10.1,13.1,12.2,37519.39,0.00,0.00,0.00,0.0
1321344000,3,18.3,9.8,13.2,12.7,37427.03,0.00,0.00,0.00,0.0
1321430400,3,22.0,7.4,14.6,13.4,37337.03,0.00,0.00,0.00,0.0
1321516800,2,22.4,6.2,13.9,12.5,37249.04,0.00,0.00,0.00,0.0
1321603200,51,15.0,10.0,11.8,10.8,37162.27,0.30,0.30,0.00,2.0
1321689600,53,11.9,8.6,10.0,8.6,37076.79,4.50,4.50,0.00,22.0
1321776000,63,11.6,6.8,9.4,7.9,36992.72,26.80,26.80,0.00,12.0
1321862400,3,13.9,5.6,9.5,8.2,36910.16,0.00,0.00,0.00,0.0
1321948800,3,18.8,2.5,10.0,8.2,36829.22,0.00,0.00,0.00,0.0
1322035200,3,18.2,3.9,11.0,9.2,36750.02,0.00,0.00,0.00,0.0
1322121600,3,13.6,7.7,10.3,9.1,36672.65,0.00,0.00,0.00,0.0
1322208000,3,19.8,4.9,11.1,9.5,36597.23,0.00,0.00,0.00,0.0
1322294400,0,23.2,6.1,12.7,10.3,36523.89,0.00,0.00,0.00,0.0
1322380800,3,23.7,5.6,13.1,10.6,36452.73,0.00,0.00,0.00,0.0
1322467200,3,24.6,5.7,13.6,11.3,36383.87,0.00,0.00,0.00,0.0
1322553600,3,24.9,8.2,14.5,12.6,36317.42,0.00,0.00,0.00,0.0
1322640000,3,20.6,6.3,13.7,11.8,36253.51,0.00,0.00,0.00,0.0
1322726400,3,13.3,8.8,10.7,6.4,36192.25,0.00,0.00,0.00,0.0
1322812800,2,16.8,6.4,10.5,7.9,36133.75,0.00,0.00,0.00,0.0
1322899200,3,13.0,2.3,7.3,3.5,36078.15,0.00,0.00,0.00,0.0
1322985600,2,15.3,-0.4,7.3,3.6,36025.56,0.00,0.00,0.00,0.0
1323072000,0,13.7,0.3,5.9,1.8,35976.11,0.00,0.00,0.00,0.0
1323158400,0,16.0,-1.0,6.2,2.3,35929.90,0.00,0.00,0.00,0.0
1323244800,0,18.0,-1.2,7.4,3.5,35886.76,0.00,0.00,0.00,0.0
1323331200,3,19.3,-0.4,8.8,5.2,35846.23,0.00,0.00,0.00,0.0
1323417600,3,21.0,2.2,10.4,7.0,35808.33,0.00,0.00,0.00,0.0
1323504000,3,20.2,4.3,11.8,8.2,35773.09,0.00,0.00,0.00,0.0
1323590400,3,14.5,4.6,9.7,7.0,35740.56,0.00,0.00,0.00,0.0
1323676800,61,8.8,6.0,6.8,4.8,35710.79,11.80,11.80,0.00,11.0
1323763200,51,12.6,1.4,7.9,5.6,35683.80,0.50,0.50,0.00,3.0
1323849600,3,14.2,4.8,9.0,6.7,35659.63,0.00,0.00,0.00,0.0
1323936000,51,11.7,3.6,7.2,4.8,35638.33,0.60,0.60,0.00,4.0
1324022400,0,15.8,1.7,7.7,4.1,35619.92,0.00,0.00,0.00,0.0
1324108800,3,16.4,4.8,10.0,6.9,35604.45,0.00,0.00,0.00,0.0
1324195200,2,13.8,1.8,8.0,5.5,35591.93,0.00,0.00,0.00,0.0
1324281600,51,12.1,6.7,9.0,7.4,35582.41,0.40,0.40,0.00,3.0
1324368000,2,16.3,1.9,8.5,5.8,35575.92,0.00,0.00,0.00,0.0
1324454400,0,17.4,1.0,9.1,6.5,35572.48,0.00,0.00,0.00,0.0
1324540800,2,12.4,1.5,6.2,2.1,35572.13,0.00,0.00,0.00,0.0
1324627200,3,17.9,-0.5,7.1,3.2,35574.89,0.00,0.00,0.00,0.0
1324713600,1,20.3,0.6,8.7,4.6,35580.80,0.00,0.00,0.00,0.0
1324800000,0,21.5,2.0,10.3,6.4,35589.85,0.00,0.00,0.00,0.0
1324886400,3,21.2,0.6,11.1,7.2,35602.10,0.00,0.00,0.00,0.0
1324972800,0,21.1,2.9,10.3,6.9,35617.62,0.00,0.00,0.00,0.0
1325059200,0,24.5,2.2,12.1,8.6,35636.52,0.00,0.00,0.00,0.0
1325145600,3,24.9,4.7,14.2,11.4,35658.72,0.00,0.00,0.00,0.0
1325232000,3,22.7,5.2,14.2,11.9,35684.18,0.00,0.00,0.00,0.0
1325318400,3,25.9,3.8,14.1,11.4,35712.78,0.00,0.00,0.00,0.0
1325404800,1,26.6,5.8,14.2,10.9,35744.49,0.00,0.00,0.00,0.0
1325491200,3,26.9,6.3,14.8,11.5,35779.21,0.00,0.00,0.00,0.0
1325577600,3,27.3,6.6,15.3,12.1,35816.89,0.00,0.00,0.00,0.0
1325664000,2,27.9,6.7,15.6,12.3,35857.43,0.00,0.00,0.00,0.0
1325750400,3,26.9,8.2,16.8,13.5,35900.75,0.00,0.00,0.00,0.0
1325836800,0,24.3,5.3,14.7,11.9,35946.80,0.00,0.00,0.00,0.0
1325923200,0,20.9,6.6,13.8,10.9,35995.49,0.00,0.00,0.00,0.0
1326009600,1,19.4,3.2,10.4,6.3,36046.73,0.00,0.00,0.00,0.0
1326096000,3,22.0,4.9,12.8,9.4,36100.46,0.00,0.00,0.00,0.0
1326182400,3,20.8,4.0,12.4,9.4,36156.60,0.00,0.00,0.00,0.0
1326268800,3,22.2,6.5,13.6,10.7,36215.07,0.00,0.00,0.00,0.0
1326355200,3,20.9,6.5,12.7,8.7,36275.79,0.00,0.00,0.00,0.0
1326441600,3,21.7,2.5,10.8,6.2,36338.68,0.00,0.00,0.00,0.0
1326528000,3,20.5,2.9,11.8,7.7,36403.68,0.00,0.00,0.00,0.0
1326614400,3,16.6,8.0,11.9,8.8,36470.70,0.00,0.00,0.00,0.0
1326700800,51,11.4,5.8,8.0,6.2,36540.06,1.20,1.20,0.00,6.0
1326787200,3,14.0,4.7,8.6,6.5,36612.39,0.00,0.00,0.00,0.0
1326873600,3,17.8,1.6,9.7,6.9,36687.55,0.00,0.00,0.00,0.0
1326960000,3,18.6,3.0,10.7,8.1,36765.41,0.00,0.00,0.00,0.0
1327046400,3,16.5,5.6,10.6,8.3,36845.82,0.00,0.00,0.00,0.0
1327132800,63,12.2,6.9,8.8,7.2,36928.65,10.20,10.20,0.00,11.0
1327219200,3,12.8,5.3,8.8,6.8,37013.78,0.00,0.00,0.00,0.0
1327305600,61,9.1,6.6,7.9,6.2,37101.05,5.90,5.90,0.00,8.0
1327392000,3,17.2,4.0,9.9,7.3,37190.36,0.00,0.00,0.00,0.0
1327478400,3,23.2,5.3,12.9,10.3,37281.54,0.00,0.00,0.00,0.0
1327564800,1,26.1,6.3,16.1,14.3,37374.49,0.00,0.00,0.00,0.0
1327651200,3,21.2,7.0,13.3,10.5,37469.08,0.00,0.00,0.00,0.0
1327737600,1,22.1,3.1,11.3,7.0,37565.18,0.00,0.00,0.00,0.0
1327824000,3,23.2,2.7,12.7,8.7,37662.66,0.00,0.00,0.00,0.0
1327910400,3,21.2,2.9,12.3,8.7,37761.42,0.00,0.00,0.00,0.0
1327996800,3,21.1,8.3,13.7,11.0,37861.32,0.00,0.00,0.00,0.0
1328083200,3,19.7,5.6,12.0,10.1,37962.26,0.00,0.00,0.00,0.0
1328169600,2,20.5,4.5,12.0,8.7,38064.11,0.00,0.00,0.00,0.0
1328256000,2,18.7,1.5,9.9,5.6,38166.77,0.00,0.00,0.00,0.0
1328342400,3,19.6,1.8,10.5,6.5,38270.12,0.00,0.00,0.00,0.0
1328428800,3,20.7,2.9,11.8,8.1,38374.59,0.00,0.00,0.00,0.0
1328515200,3,20.8,5.0,13.4,9.5,38481.00,0.00,0.00,0.00,0.0
1328601600,3,18.3,10.2,13.5,10.2,38589.26,0.00,0.00,0.00,0.0
1328688000,3,22.9,5.3,14.3,11.1,38699.21,0.00,0.00,0.00,0.0
1328774400,1,26.3,5.9,16.4,13.2,38810.75,0.00,0.00,0.00,0.0
1328860800,3,23.6,6.7,15.3,12.6,38923.73,0.00,0.00,0.00,0.0
1328947200,51,13.7,8.2,10.9,9.2,39038.03,0.40,0.40,0.00,3.0
1329033600,51,13.3,8.1,10.2,8.7,39153.53,2.40,2.40,0.00,12.0
1329120000,53,11.3,5.3,8.4,6.3,39270.11,2.60,2.60,0.00,8.0
1329206400,2,14.5,4.4,8.3,6.2,39387.64,0.00,0.00,0.00,0.0
1329292800,61,9.3,3.3,6.1,3.8,39506.02,8.60,8.60,0.00,11.0
1329379200,2,16.6,1.5,8.5,5.1,39625.12,0.00,0.00,0.00,0.0
1329465600,1,20.4,1.6,11.2,8.3,39744.84,0.00,0.00,0.00,0.0
1329552000,3,16.4,5.4,10.6,8.2,39865.05,0.00,0.00,0.00,0.0
1329638400,3,14.9,6.9,9.8,8.1,39985.66,0.00,0.00,0.00,0.0
1329724800,3,15.1,6.8,10.2,8.8,40106.56,0.00,0.00,0.00,0.0
1329811200,3,21.6,2.9,11.8,9.3,40227.63,0.00,0.00,0.00,0.0
1329897600,3,26.2,6.0,15.7,13.4,40348.78,0.00,0.00,0.00,0.0
1329984000,2,27.0,5.3,16.0,14.0,40469.90,0.00,0.00,0.00,0.0
1330070400,0,25.6,6.9,16.1,13.3,40590.88,0.00,0.00,0.00,0.0
1330156800,2,21.5,8.9,14.4,13.1,40712.14,0.00,0.00,0.00,0.0
1330243200,51,20.4,3.7,12.2,10.0,40834.51,0.10,0.10,0.00,1.0
1330329600,63,11.1,4.3,8.0,5.9,40957.92,15.40,15.40,0.00,20.0
1330416000,51,10.9,3.3,6.4,3.9,41082.25,0.10,0.10,0.00,1.0
1330502400,3,12.8,2.7,7.5,5.3,41207.42,0.00,0.00,0.00,0.0
1330588800,51,13.8,7.0,9.5,7.7,41333.31,0.80,0.80,0.00,6.0
1330675200,1,17.5,3.1,9.8,6.3,41459.85,0.00,0.00,0.00,0.0
1330761600,0,23.9,1.7,12.4,9.2,41586.93,0.00,0.00,0.00,0.0
1330848000,3,28.0,4.9,16.7,13.8,41714.45,0.00,0.00,0.00,0.0
1330934400,3,27.2,6.9,17.2,14.6,41842.33,0.00,0.00,0.00,0.0
1331020800,51,15.7,7.2,12.0,9.8,41970.46,0.20,0.20,0.00,1.0
1331107200,53,15.8,3.3,9.3,5.7,42098.77,1.40,1.40,0.00,4.0
1331193600,0,23.0,1.5,12.2,8.9,42227.16,0.00,0.00,0.00,0.0
1331280000,0,26.5,4.1,15.7,12.3,42355.54,0.00,0.00,0.00,0.0
1331366400,3,24.7,4.0,14.7,11.6,42483.82,0.00,0.00,0.00,0.0
1331452800,3,18.9,7.9,12.2,10.3,42611.91,0.00,0.00,0.00,0.0
1331539200,3,19.2,7.2,12.3,10.6,42739.72,0.00,0.00,0.00,0.0
1331625600,3,18.2,5.1,11.9,10.3,42867.16,0.00,0.00,0.00,0.0
1331712000,3,19.6,7.8,12.7,11.4,42994.15,0.00,0.00,0.00,0.0
1331798400,3,21.2,7.5,13.6,12.6,43120.59,0.00,0.00,0.00,0.0
1331884800,51,17.7,8.2,12.4,11.1,43246.86,0.40,0.40,0.00,3.0
1331971200,63,10.9,3.5,8.0,5.9,43373.73,29.80,29.80,0.00,24.0
1332057600,71,9.3,3.1,5.7,3.1,43501.15,6.00,5.90,0.07,16.0
1332144000,51,14.7,4.2,8.6,6.6,43629.02,0.30,0.30,0.00,3.0
1332230400,1,19.6,2.0,11.3,9.6,43757.26,0.00,0.00,0.00,0.0
1332316800,1,23.5,4.5,14.7,13.6,43885.79,0.00,0.00,0.00,0.0
1332403200,0,22.5,8.9,15.3,14.5,44014.54,0.00,0.00,0.00,0.0
1332489600,3,19.5,9.3,13.4,12.8,44143.42,0.00,0.00,0.00,0.0
1332576000,3,18.7,9.4,13.2,12.1,44272.35,0.00,0.00,0.00,0.0
1332662400,63,14.3,6.4,9.7,7.9,44401.24,17.00,17.00,0.00,12.0
1332748800,53,14.7,6.4,9.9,8.4,44530.02,1.50,1.50,0.00,3.0
1332835200,3,17.5,4.4,10.9,9.9,44658.60,0.00,0.00,0.00,0.0
1332921600,3,18.2,4.3,11.8,11.0,44786.89,0.00,0.00,0.00,0.0
1333008000,3,21.6,10.1,14.3,14.2,44914.82,0.00,0.00,0.00,0.0
1333094400,3,21.2,8.8,15.1,15.1,45042.31,0.00,0.00,0.00,0.0
1333180800,61,15.7,9.6,12.4,11.4,45169.25,3.70,3.70,0.00,5.0
1333267200,55,18.1,6.7,12.0,10.2,45295.57,1.80,1.80,0.00,4.0
1333353600,3,22.5,4.7,14.0,11.6,45421.18,0.00,0.00,0.00,0.0
1333440000,3,24.8,5.4,15.8,13.8,45546.00,0.00,0.00,0.00,0.0
1333526400,3,22.3,11.1,16.1,14.5,45669.93,0.00,0.00,0.00,0.0
1333612800,3,18.2,9.7,13.3,11.9,45793.31,0.00,0.00,0.00,0.0
1333699200,3,22.3,3.6,13.4,10.4,45916.89,0.00,0.00,0.00,0.0
1333785600,2,27.7,3.5,16.8,13.6,46040.60,0.00,0.00,0.00,0.0
1333872000,2,28.5,5.8,18.5,16.0,46164.37,0.00,0.00,0.00,0.0
1333958400,1,27.9,7.7,18.6,16.1,46288.10,0.00,0.00,0.00,0.0
1334044800,3,23.3,9.5,15.0,13.0,46411.72,0.00,0.00,0.00,0.0
1334131200,63,13.6,8.4,10.4,9.0,46535.15,20.10,20.10,0.00,22.0
1334217600,3,15.4,6.7,10.6,8.8,46658.30,0.00,0.00,0.00,0.0
1334304000,63,12.3,5.7,8.7,6.8,46781.09,24.70,24.70,0.00,15.0
1334390400,51,13.6,5.1,8.9,6.8,46903.43,0.90,0.90,0.00,7.0
1334476800,1,20.0,4.3,12.9,12.1,47025.22,0.00,0.00,0.00,0.0
1334563200,2,24.8,6.7,16.9,16.4,47146.39,0.00,0.00,0.00,0.0
1334649600,1,26.9,9.2,18.9,19.0,47266.84,0.00,0.00,0.00,0.0
1334736000,3,25.0,14.4,19.1,19.3,47386.48,0.00,0.00,0.00,0.0
1334822400,3,28.8,10.5,20.5,21.1,47505.21,0.00,0.00,0.00,0.0
1334908800,1,33.5,12.5,23.7,24.3,47622.93,0.00,0.00,0.00,0.0
1334995200,2,33.5,13.9,23.5,24.2,47739.56,0.00,0.00,0.00,0.0
1335081600,0,27.8,15.6,21.0,21.5,47854.98,0.00,0.00,0.00,0.0
1335168000,2,20.4,10.7,14.9,14.2,47969.10,0.00,0.00,0.00,0.0
1335254400,3,23.0,9.4,16.5,15.7,48081.82,0.00,0.00,0.00,0.0
1335340800,61,28.5,14.0,19.7,19.0,48193.45,2.40,2.40,0.00,1.0
1335427200,63,17.0,11.8,14.0,13.3,48304.70,10.00,10.00,0.00,18.0
1335513600,51,23.9,11.9,16.8,17.1,48415.50,0.20,0.20,0.00,2.0
1335600000,2,28.2,10.1,19.7,19.8,48525.77,0.00,0.00,0.00,0.0
1335686400,2,28.7,11.0,20.4,20.8,48635.40,0.00,0.00,0.00,0.0
1335772800,3,26.6,13.0,19.0,19.4,48744.31,0.00,0.00,0.00,0.0
1335859200,51,18.6,11.1,14.3,13.6,48852.42,0.20,0.20,0.00,1.0
1335945600,51,16.9,10.9,13.3,12.4,48959.62,1.20,1.20,0.00,7.0
1336032000,3,18.7,10.1,13.9,13.1,49065.82,0.00,0.00,0.00,0.0
1336118400,3,21.0,8.0,15.2,14.7,49170.93,0.00,0.00,0.00,0.0
1336204800,2,27.0,10.2,18.5,18.2,49274.84,0.00,0.00,0.00,0.0
1336291200,51,28.6,10.0,19.7,18.8,49377.45,0.10,0.10,0.00,1.0
1336377600,2,29.9,10.0,21.1,19.9,49478.65,0.00,0.00,0.00,0.0
1336464000,1,32.7,11.2,23.6,21.4,49578.35,0.00,0.00,0.00,0.0
1336550400,0,34.3,12.0,23.8,22.3,49676.45,0.00,0.00,0.00,0.0
1336636800,0,27.8,14.2,20.5,20.3,49772.81,0.00,0.00,0.00,0.0
1336723200,1,25.4,11.3,18.1,17.8,49867.35,0.00,0.00,0.00,0.0
1336809600,3,27.6,11.2,19.7,19.3,49959.94,0.00,0.00,0.00,0.0
1336896000,1,29.4,12.4,21.0,20.7,50050.48,0.00,0.00,0.00,0.0
1336982400,0,28.6,14.3,20.7,20.2,50138.84,0.00,0.00,0.00,0.0
1337068800,0,27.3,12.5,20.1,19.6,50225.30,0.00,0.00,0.00,0.0
1337155200,0,33.4,15.5,24.4,24.2,50310.44,0.00,0.00,0.00,0.0
1337241600,2,29.6,14.1,22.2,22.3,50394.20,0.00,0.00,0.00,0.0
1337328000,3,24.2,11.9,17.3,16.9,50476.50,0.00,0.00,0.00,0.0
1337414400,2,30.0,12.8,21.6,21.6,50557.25,0.00,0.00,0.00,0.0
1337500800,0,35.1,14.1,25.6,25.6,50636.39,0.00,0.00,0.00,0.0
1337587200,0,34.3,18.2,26.0,25.9,50713.81,0.00,0.00,0.00,0.0
1337673600,1,30.6,18.2,23.7,24.0,50789.44,0.00,0.00,0.00,0.0
1337760000,1,26.1,14.7,20.3,20.6,50863.19,0.00,0.00,0.00,0.0
1337846400,3,24.6,13.4,18.6,18.6,50934.96,0.00,0.00,0.00,0.0
1337932800,53,16.3,10.1,13.8,12.1,51004.68,3.40,3.40,0.00,15.0
1338019200,51,17.1,9.2,12.9,11.2,51072.24,0.10,0.10,0.00,1.0
1338105600,1,25.8,8.0,17.7,17.3,51137.58,0.00,0.00,0.00,0.0
1338192000,0,29.4,10.5,21.4,20.9,51200.58,0.00,0.00,0.00,0.0
1338278400,0,28.6,14.4,21.5,21.2,51261.17,0.00,0.00,0.00,0.0
1338364800,1,28.4,13.4,20.9,21.2,51319.24,0.00,0.00,0.00,0.0
1338451200,0,35.8,12.8,24.9,25.2,51374.72,0.00,0.00,0.00,0.0
1338537600,1,32.4,18.6,24.8,25.4,51427.51,0.00,0.00,0.00,0.0
1338624000,1,28.6,15.2,21.2,21.3,51477.51,0.00,0.00,0.00,0.0
1338710400,2,26.7,14.4,20.5,20.6,51524.64,0.00,0.00,0.00,0.0
1338796800,2,24.4,13.5,18.5,18.6,51569.02,0.00,0.00,0.00,0.0
1338883200,51,22.6,13.3,17.3,16.9,51610.98,0.10,0.10,0.00,1.0
1338969600,2,29.5,11.0,21.1,19.9,51650.49,0.00,0.00,0.00,0.0
1339056000,0,32.5,12.3,23.4,22.5,51687.53,0.00,0.00,0.00,0.0
1339142400,0,28.8,16.2,22.0,22.0,51722.06,0.00,0.00,0.00,0.0
1339228800,0,24.9,13.3,18.9,18.6,51754.06,0.00,0.00,0.00,0.0
1339315200,1,30.5,12.1,21.7,21.0,51783.48,0.00,0.00,0.00,0.0
1339401600,0,30.5,14.4,22.9,22.9,51810.31,0.00,0.00,0.00,0.0
1339488000,1,31.8,16.1,23.9,24.2,51834.51,0.00,0.00,0.00,0.0
1339574400,0,28.8,16.0,21.9,21.9,51856.05,0.00,0.00,0.00,0.0
1339660800,1,27.4,13.7,20.1,20.0,51874.91,0.00,0.00,0.00,0.0
1339747200,1,27.1,13.1,19.9,19.8,51891.07,0.00,0.00,0.00,0.0
1339833600,0,33.6,14.4,24.6,25.0,51904.49,0.00,0.00,0.00,0.0
1339920000,0,35.9,15.1,26.6,26.4,51915.14,0.00,0.00,0.00,0.0
1340006400,0,31.4,17.7,24.1,24.2,51923.02,0.00,0.00,0.00,0.0
1340092800,0,28.1,14.0,20.6,20.5,51928.10,0.00,0.00,0.00,0.0
1340179200,0,29.6,14.9,22.1,22.2,51930.35,0.00,0.00,0.00,0.0
1340265600,0,28.7,16.1,21.9,21.8,51929.75,0.00,0.00,0.00,0.0
1340352000,0,27.7,14.4,20.9,20.7,51926.30,0.00,0.00,0.00,0.0
1340438400,0,28.1,14.6,21.2,21.1,51919.96,0.00,0.00,0.00,0.0
1340524800,0,29.8,15.6,22.3,22.5,51910.68,0.00,0.00,0.00,0.0
1340611200,0,29.0,15.2,21.8,21.3,51898.39,0.00,0.00,0.00,0.0
1340697600,0,30.9,14.5,22.8,22.1,51883.12,0.00,0.00,0.00,0.0
1340784000,0,33.3,15.4,24.8,24.0,51864.95,0.00,0.00,0.00,0.0
1340870400,0,33.5,18.3,25.4,25.0,51843.89,0.00,0.00,0.00,0.0
1340956800,0,32.4,18.0,25.0,24.5,51820.03,0.00,0.00,0.00,0.0
1341043200,0,31.4,17.7,24.1,23.7,51793.39,0.00,0.00,0.00,0.0
1341129600,0,29.3,15.9,22.1,22.4,51764.04,0.00,0.00,0.00,0.0
1341216000,1,29.6,15.8,22.3,22.8,51732.03,0.00,0.00,0.00,0.0
1341302400,0,28.8,15.4,21.8,22.1,51697.42,0.00,0.00,0.00,0.0
1341388800,1,27.3,15.9,21.4,21.8,51660.25,0.00,0.00,0.00,0.0
1341475200,1,28.9,15.9,22.1,22.8,51620.59,0.00,0.00,0.00,0.0
1341561600,0,31.0,15.9,23.5,24.0,51578.48,0.00,0.00,0.00,0.0
1341648000,0,33.8,18.4,26.0,26.0,51533.98,0.00,0.00,0.00,0.0
1341734400,0,35.4,19.4,27.1,27.0,51487.17,0.00,0.00,0.00,0.0
1341820800,1,37.4,20.2,29.0,29.2,51438.08,0.00,0.00,0.00,0.0
1341907200,3,38.0,22.0,29.9,30.4,51386.77,0.00,0.00,0.00,0.0
1341993600,3,38.0,21.2,29.0,29.6,51333.31,0.00,0.00,0.00,0.0
1342080000,3,33.3,22.1,27.9,29.1,51277.75,0.00,0.00,0.00,0.0
1342166400,53,32.1,24.3,27.3,30.8,51220.14,0.60,0.60,0.00,2.0
1342252800,2,32.5,21.0,26.6,29.3,51160.27,0.00,0.00,0.00,0.0
1342339200,0,30.9,18.5,24.0,25.1,51097.68,0.00,0.00,0.00,0.0
1342425600,1,28.0,15.5,21.0,20.7,51032.49,0.00,0.00,0.00,0.0
1342512000,2,27.4,13.4,20.3,20.3,50964.81,0.00,0.00,0.00,0.0
1342598400,3,32.3,15.4,24.1,23.8,50894.71,0.00,0.00,0.00,0.0
1342684800,1,35.7,18.1,27.9,27.6,50822.33,0.00,0.00,0.00,0.0
1342771200,1,35.1,21.0,28.3,29.4,50747.75,0.00,0.00,0.00,0.0
1342857600,1,35.7,21.4,28.6,29.9,50671.09,0.00,0.00,0.00,0.0
1342944000,2,34.4,21.4,27.9,29.1,50592.43,0.00,0.00,0.00,0.0
1343030400,2,33.1,21.3,26.5,27.6,50511.88,0.00,0.00,0.00,0.0
1343116800,0,32.0,19.7,25.0,25.5,50429.54,0.00,0.00,0.00,0.0
1343203200,0,32.3,17.2,23.7,23.5,50345.50,0.00,0.00,0.00,0.0
1343289600,0,32.0,16.5,23.6,23.2,50259.87,0.00,0.00,0.00,0.0
1343376000,1,31.6,17.1,23.7,23.5,50172.73,0.00,0.00,0.00,0.0
1343462400,0,32.4,17.3,24.5,24.2,50084.19,0.00,0.00,0.00,0.0
1343548800,0,34.6,17.2,26.2,25.6,49994.33,0.00,0.00,0.00,0.0
1343635200,3,32.9,19.3,26.1,27.2,49903.23,0.00,0.00,0.00,0.0
1343721600,3,32.1,20.6,25.9,27.4,49811.01,0.00,0.00,0.00,0.0
1343808000,1,33.5,19.8,26.1,28.0,49717.73,0.00,0.00,0.00,0.0
1343894400,0,32.7,20.7,25.8,27.5,49623.49,0.00,0.00,0.00,0.0
1343980800,2,30.6,18.6,24.3,25.4,49527.98,0.00,0.00,0.00,0.0
1344067200,2,31.6,18.8,24.8,25.8,49430.56,0.00,0.00,0.00,0.0
1344153600,0,35.0,20.4,27.7,28.9,49331.35,0.00,0.00,0.00,0.0
1344240000,0,39.2,20.1,30.4,31.9,49230.44,0.00,0.00,0.00,0.0
1344326400,1,39.1,21.6,30.8,32.5,49127.94,0.00,0.00,0.00,0.0
1344412800,0,39.2,25.3,31.7,33.2,49023.96,0.00,0.00,0.00,0.0
1344499200,2,39.0,22.9,31.8,33.6,48918.61,0.00,0.00,0.00,0.0
1344585600,0,39.6,23.7,32.2,33.9,48811.98,0.00,0.00,0.00,0.0
1344672000,53,38.8,25.1,31.4,33.9,48704.19,0.50,0.50,0.00,1.0
1344758400,1,39.3,24.5,31.2,33.9,48595.32,0.00,0.00,0.00,0.0
1344844800,1,39.5,24.1,31.4,33.1,48485.48,0.00,0.00,0.00,0.0
1344931200,0,38.2,25.0,30.7,32.3,48374.76,0.00,0.00,0.00,0.0
1345017600,3,35.5,20.3,28.3,29.7,48263.26,0.00,0.00,0.00,0.0
1345104000,3,37.3,23.4,30.1,31.4,48151.06,0.00,0.00,0.00,0.0
1345190400,3,36.3,25.5,30.4,32.3,48038.25,0.00,0.00,0.00,0.0
1345276800,51,34.3,25.2,29.2,31.9,47924.94,0.30,0.30,0.00,1.0
1345363200,1,35.8,23.4,28.9,31.4,47811.20,0.00,0.00,0.00,0.0
1345449600,0,34.6,23.0,28.1,30.2,47697.11,0.00,0.00,0.00,0.0
1345536000,1,32.3,21.3,26.2,28.3,47582.77,0.00,0.00,0.00,0.0
1345622400,51,30.0,20.2,24.8,27.0,47468.25,0.10,0.10,0.00,1.0
1345708800,2,31.0,19.2,24.6,26.7,47353.22,0.00,0.00,0.00,0.0
1345795200,0,31.1,19.1,24.6,26.0,47237.01,0.00,0.00,0.00,0.0
1345881600,0,29.7,18.4,23.5,24.3,47119.69,0.00,0.00,0.00,0.0
1345968000,0,31.8,16.3,24.0,24.1,47001.36,0.00,0.00,0.00,0.0
1346054400,0,36.1,17.5,27.3,27.2,46882.09,0.00,0.00,0.00,0.0
1346140800,1,39.2,18.5,29.8,29.8,46762.00,0.00,0.00,0.00,0.0
1346227200,1,37.8,22.0,30.4,31.4,46641.15,0.00,0.00,0.00,0.0
1346313600,51,34.4,23.6,28.7,31.0,46519.64,0.30,0.30,0.00,1.0
1346400000,1,33.5,23.0,27.6,29.5,46397.55,0.00,0.00,0.00,0.0
1346486400,0,33.8,21.3,26.7,26.1,46274.97,0.00,0.00,0.00,0.0
1346572800,1,35.2,14.6,25.8,24.3,46151.98,0.00,0.00,0.00,0.0
1346659200,51,35.7,18.6,27.9,26.9,46028.64,0.40,0.40,0.00,2.0
1346745600,2,35.9,22.6,29.0,29.0,45905.06,0.00,0.00,0.00,0.0
1346832000,53,32.6,21.7,26.2,27.6,45781.30,1.50,1.50,0.00,6.0
1346918400,1,32.1,20.9,25.7,27.2,45657.45,0.00,0.00,0.00,0.0
1347004800,2,32.9,20.3,26.1,27.0,45533.57,0.00,0.00,0.00,0.0
1347091200,2,36.1,20.1,28.5,30.2,45409.75,0.00,0.00,0.00,0.0
1347177600,3,37.0,21.4,29.0,30.7,45286.07,0.00,0.00,0.00,0.0
1347264000,61,31.7,22.3,25.6,29.2,45162.59,4.00,4.00,0.00,6.0
1347350400,3,26.9,20.6,23.3,26.3,45039.39,0.00,0.00,0.00,0.0
1347436800,3,32.0,19.7,25.4,28.0,44916.12,0.00,0.00,0.00,0.0
1347523200,0,36.9,17.9,28.1,28.7,44792.11,0.00,0.00,0.00,0.0
1347609600,1,37.5,17.2,28.7,28.0,44667.40,0.00,0.00,0.00,0.0
1347696000,2,37.5,17.8,28.7,28.0,44542.09,0.00,0.00,0.00,0.0
1347782400,2,34.3,19.0,26.6,26.4,44416.25,0.00,0.00,0.00,0.0
1347868800,1,32.2,19.7,25.3,25.9,44289.96,0.00,0.00,0.00,0.0
1347955200,0,34.6,17.0,26.0,26.2,44163.31,0.00,0.00,0.00,0.0
1348041600,0,35.8,17.3,27.6,27.6,44036.37,0.00,0.00,0.00,0.0
1348128000,1,36.4,19.1,28.6,28.5,43909.23,0.00,0.00,0.00,0.0
1348214400,3,36.1,20.3,28.2,28.4,43781.95,0.00,0.00,0.00,0.0
1348300800,3,35.2,21.8,27.9,28.2,43654.62,0.00,0.00,0.00,0.0
1348387200,3,35.9,23.6,28.9,28.5,43527.33,0.00,0.00,0.00,0.0
1348473600,0,32.1,20.2,25.8,25.4,43400.13,0.00,0.00,0.00,0.0
1348560000,0,29.3,17.4,22.6,22.9,43273.11,0.00,0.00,0.00,0.0
1348646400,0,32.6,14.8,23.7,23.9,43146.36,0.00,0.00,0.00,0.0
1348732800,3,34.5,17.3,25.5,25.6,43019.95,0.00,0.00,0.00,0.0
1348819200,3,33.6,18.0,26.2,26.8,42893.95,0.00,0.00,0.00,0.0
1348905600,3,34.8,18.7,27.1,26.9,42768.45,0.00,0.00,0.00,0.0
1348992000,0,38.1,16.9,28.2,27.0,42643.52,0.00,0.00,0.00,0.0
1349078400,0,39.3,17.5,29.3,27.3,42519.25,0.00,0.00,0.00,0.0
1349164800,1,38.3,17.8,28.5,26.6,42395.27,0.00,0.00,0.00,0.0
1349251200,3,32.5,20.4,25.9,25.7,42270.82,0.00,0.00,0.00,0.0
1349337600,2,28.2,17.0,21.4,21.7,42145.99,0.00,0.00,0.00,0.0
1349424000,3,27.8,14.6,20.5,20.8,42020.86,0.00,0.00,0.00,0.0
1349510400,3,27.7,16.5,21.1,21.5,41895.52,0.00,0.00,0.00,0.0
1349596800,3,28.1,16.2,21.0,21.9,41770.04,0.00,0.00,0.00,0.0
1349683200,2,26.2,15.5,19.8,20.2,41644.54,0.00,0.00,0.00,0.0
1349769600,3,24.2,14.8,18.5,18.7,41519.09,0.00,0.00,0.00,0.0
1349856000,3,21.8,13.6,17.0,16.9,41393.78,0.00,0.00,0.00,0.0
1349942400,63,18.8,12.1,14.3,13.8,41268.70,8.40,8.40,0.00,11.0
1350028800,51,17.9,10.5,14.0,13.2,41143.95,0.30,0.30,0.00,2.0
1350115200,2,27.3,8.7,18.2,17.3,41019.62,0.00,0.00,0.00,0.0
1350201600,0,32.6,11.7,22.3,20.8,40895.80,0.00,0.00,0.00,0.0
1350288000,1,33.3,13.2,23.7,22.6,40772.59,0.00,0.00,0.00,0.0
1350374400,0,34.4,13.6,24.3,22.9,40650.08,0.00,0.00,0.00,0.0
1350460800,0,35.5,14.9,25.4,23.5,40528.37,0.00,0.00,0.00,0.0
1350547200,1,29.1,16.4,21.8,21.4,40407.56,0.00,0.00,0.00,0.0
1350633600,3,29.3,14.3,21.2,22.0,40287.75,0.00,0.00,0.00,0.0
1350720000,51,23.2,14.4,18.0,18.4,40169.05,0.60,0.60,0.00,3.0
1350806400,53,18.8,14.6,16.3,16.5,40051.55,4.10,4.10,0.00,16.0
1350892800,51,18.7,13.2,15.5,15.3,39934.86,1.30,1.30,0.00,9.0
1350979200,51,17.7,11.3,14.0,13.2,39818.17,0.10,0.10,0.00,1.0
1351065600,2,21.1,10.8,15.1,14.1,39701.55,0.00,0.00,0.00,0.0
1351152000,0,25.1,7.6,16.4,14.2,39585.10,0.00,0.00,0.00,0.0
1351238400,1,25.2,9.3,16.7,12.8,39468.94,0.00,0.00,0.00,0.0
1351324800,0,30.3,9.4,19.3,15.8,39353.17,0.00,0.00,0.00,0.0
1351411200,0,31.0,10.0,20.9,17.8,39237.89,0.00,0.00,0.00,0.0
1351497600,0,30.0,12.7,21.6,19.2,39123.22,0.00,0.00,0.00,0.0
1351584000,0,29.3,11.4,20.7,18.6,39009.27,0.00,0.00,0.00,0.0
1351670400,3,26.3,11.2,18.7,17.2,38896.16,0.00,0.00,0.00,0.0
1351756800,3,22.7,11.4,16.2,15.2,38783.99,0.00,0.00,0.00,0.0
1351843200,2,23.6,10.5,16.8,15.8,38672.89,0.00,0.00,0.00,0.0
1351929600,2,28.3,10.0,19.0,16.7,38562.98,0.00,0.00,0.00,0.0
1352016000,0,31.1,10.5,20.3,17.0,38454.38,0.00,0.00,0.00,0.0
1352102400,0,32.5,12.5,21.9,18.6,38347.21,0.00,0.00,0.00,0.0
1352188800,0,31.1,11.7,21.2,19.0,38241.61,0.00,0.00,0.00,0.0
1352275200,0,26.1,12.2,19.0,17.9,38137.69,0.00,0.00,0.00,0.0
1352361600,55,18.7,11.9,14.5,13.8,38035.60,7.00,7.00,0.00,13.0
1352448000,55,13.5,7.7,10.8,8.8,37935.46,3.30,3.30,0.00,9.0
1352534400,51,14.3,6.3,9.7,7.3,37837.41,1.20,1.20,0.00,7.0
1352620800,0,16.6,2.1,8.7,5.3,37741.07,0.00,0.00,0.00,0.0
1352707200,0,19.0,1.8,9.4,5.7,37645.61,0.00,0.00,0.00,0.0
1352793600,0,24.3,3.4,12.7,9.4,37551.13,0.00,0.00,0.00,0.0
1352880000,3,24.9,4.9,15.3,12.3,37457.73,0.00,0.00,0.00,0.0
1352966400,3,20.7,8.2,14.4,12.0,37365.54,0.00,0.00,0.00,0.0
1353052800,3,18.2,12.9,15.3,13.7,37274.66,0.00,0.00,0.00,0.0
1353139200,51,17.5,12.9,14.6,14.2,37185.20,1.50,1.50,0.00,10.0
1353225600,3,18.3,11.2,14.0,13.5,37097.29,0.00,0.00,0.00,0.0
1353312000,3,19.7,10.1,14.1,13.4,37011.05,0.00,0.00,0.00,0.0
1353398400,1,22.3,5.6,14.1,12.5,36926.60,0.00,0.00,0.00,0.0
1353484800,2,20.7,8.8,14.5,13.2,36844.05,0.00,0.00,0.00,0.0
1353571200,2,24.3,6.2,14.7,12.9,36763.54,0.00,0.00,0.00,0.0
1353657600,0,27.1,7.9,16.5,13.9,36685.19,0.00,0.00,0.00,0.0
1353744000,0,28.1,7.7,17.6,15.0,36609.13,0.00,0.00,0.00,0.0
1353830400,0,24.9,9.6,17.0,15.0,36535.48,0.00,0.00,0.00,0.0
1353916800,3,23.4,8.7,16.2,14.5,36464.39,0.00,0.00,0.00,0.0
1354003200,3,24.3,8.9,15.7,13.8,36395.96,0.00,0.00,0.00,0.0
1354089600,3,19.6,10.7,14.3,13.2,36330.35,0.00,0.00,0.00,0.0
1354176000,51,16.3,11.7,13.7,13.3,36267.68,0.20,0.20,0.00,2.0
1354262400,53,16.3,12.4,14.0,14.3,36208.08,4.00,4.00,0.00,15.0
1354348800,53,17.0,12.1,14.0,13.9,36151.32,2.20,2.20,0.00,6.0
1354435200,51,15.2,11.7,13.2,13.0,36096.80,2.20,2.20,0.00,9.0
1354521600,51,16.6,11.3,13.7,13.9,36044.59,1.40,1.40,0.00,8.0
1354608000,3,21.8,9.3,15.1,14.4,35994.74,0.00,0.00,0.00,0.0
1354694400,3,21.5,7.8,14.3,13.3,35947.32,0.00,0.00,0.00,0.0
1354780800,3,20.9,8.4,14.5,13.8,35902.39,0.00,0.00,0.00,0.0
1354867200,2,22.7,7.8,13.7,12.1,35860.01,0.00,0.00,0.00,0.0
1354953600,3,20.0,6.1,12.7,11.1,35820.26,0.00,0.00,0.00,0.0
1355040000,3,22.0,6.7,12.9,11.0,35783.19,0.00,0.00,0.00,0.0
1355126400,1,21.9,5.8,12.7,10.2,35748.86,0.00,0.00,0.00,0.0
1355212800,2,21.1,3.9,12.3,9.9,35717.35,0.00,0.00,0.00,0.0
1355299200,55,14.4,9.0,11.1,9.7,35688.70,2.80,2.80,0.00,10.0
1355385600,61,10.9,7.3,9.2,8.0,35663.00,19.20,19.20,0.00,21.0
1355472000,51,10.4,4.4,7.1,5.0,35640.27,2.70,2.70,0.00,13.0
1355558400,53,12.3,5.5,8.2,6.1,35620.60,1.40,1.40,0.00,3.0
1355644800,51,10.2,6.3,8.2,6.5,35604.04,0.10,0.10,0.00,1.0
1355731200,51,12.7,8.7,10.5,9.7,35590.64,2.20,2.20,0.00,11.0
1355817600,61,11.0,4.2,9.0,7.6,35580.46,12.60,12.60,0.00,18.0
1355904000,0,12.1,-1.7,4.7,1.3,35573.56,0.00,0.00,0.00,0.0
1355990400,2,15.3,-1.5,5.5,2.1,35569.99,0.00,0.00,0.00,0.0
1356076800,3,16.3,-0.6,8.1,5.2,35569.77,0.00,0.00,0.00,0.0
1356163200,3,13.4,5.9,9.0,6.7,35572.84,0.00,0.00,0.00,0.0
1356249600,3,11.2,7.0,8.8,7.2,35579.14,0.00,0.00,0.00,0.0
1356336000,51,12.6,6.7,9.2,8.1,35588.66,3.20,3.20,0.00,11.0
1356422400,3,14.3,4.3,9.4,7.2,35601.34,0.00,0.00,0.00,0.0
1356508800,61,10.8,5.6,7.9,6.3,35617.14,9.90,9.90,0.00,14.0
1356595200,51,12.9,4.4,7.8,5.4,35636.00,0.20,0.20,0.00,1.0
1356681600,3,13.4,-0.2,6.9,3.7,35657.89,0.00,0.00,0.00,0.0
1356768000,61,10.0,3.0,6.6,3.9,35682.75,6.50,6.50,0.00,12.0
1356854400,51,9.5,0.9,5.0,2.4,35710.53,0.50,0.50,0.00,2.0
1356940800,3,12.0,-1.3,5.0,1.8,35741.19,0.00,0.00,0.00,0.0
